file,class,type,cbo,wmc,dit,noc,rfc,lcom,nom,nopm,nosm,nof,nopf,nosf,nosi,loc
/Users/grano/PycharmProjects/jsep/projects/lang/sources/org/apache/commons/lang3/ThreadUtils.java,org.apache.commons.lang3.ThreadUtils,class,5,44,1,0,31,282,25,22,14,3,1,1,28,400
/Users/grano/PycharmProjects/jsep/projects/lang/sources/org/apache/commons/lang3/text/translate/UnicodeUnescaper.java,org.apache.commons.lang3.text.translate.UnicodeUnescaper,class,1,9,2,0,6,0,1,1,0,0,0,0,1,62
/Users/grano/PycharmProjects/jsep/projects/lang/sources/org/apache/commons/lang3/concurrent/ConcurrentRuntimeException.java,org.apache.commons.lang3.concurrent.ConcurrentRuntimeException,class,0,3,4,0,1,3,3,2,0,1,0,1,2,67
/Users/grano/PycharmProjects/jsep/projects/lang/sources/org/apache/commons/lang3/text/StrBuilder.java,org.apache.commons.lang3.text.StrBuilder,class,9,587,4,0,90,7182,169,160,0,8,0,2,39,2921
/Users/grano/PycharmProjects/jsep/projects/lang/sources/org/apache/commons/lang3/concurrent/BackgroundInitializer.java,org.apache.commons.lang3.concurrent.BackgroundInitializer,class,4,27,1,2,15,89,15,7,0,4,0,0,3,308
/Users/grano/PycharmProjects/jsep/projects/lang/sources/org/apache/commons/lang3/tuple/Triple.java,org.apache.commons.lang3.tuple.Triple,class,7,16,1,0,11,36,9,9,1,1,0,1,4,144
/Users/grano/PycharmProjects/jsep/projects/lang/sources/org/apache/commons/lang3/CharSetUtils.java,org.apache.commons.lang3.CharSetUtils,class,2,43,1,0,11,28,8,6,7,0,0,0,16,251
/Users/grano/PycharmProjects/jsep/projects/lang/sources/org/apache/commons/lang3/tuple/Pair.java,org.apache.commons.lang3.tuple.Pair,class,5,16,1,3,11,45,10,10,1,1,0,1,3,163
/Users/grano/PycharmProjects/jsep/projects/lang/sources/org/apache/commons/lang3/mutable/MutableInt.java,org.apache.commons.lang3.mutable.MutableInt,class,2,32,2,0,6,0,30,30,0,2,0,1,5,347
/Users/grano/PycharmProjects/jsep/projects/lang/sources/org/apache/commons/lang3/mutable/MutableByte.java,org.apache.commons.lang3.mutable.MutableByte,class,2,33,2,0,6,0,31,31,0,2,0,1,5,356
/Users/grano/PycharmProjects/jsep/projects/lang/sources/org/apache/commons/lang3/ArchUtils.java,org.apache.commons.lang3.ArchUtils,class,1,15,1,0,13,53,11,2,11,1,0,1,15,118
/Users/grano/PycharmProjects/jsep/projects/lang/sources/org/apache/commons/lang3/text/StrLookup.java,org.apache.commons.lang3.text.StrLookup,class,7,15,3,0,4,22,8,6,3,3,0,2,1,170
/Users/grano/PycharmProjects/jsep/projects/lang/sources/org/apache/commons/lang3/reflect/FieldUtils.java,org.apache.commons.lang3.reflect.FieldUtils,class,0,64,1,0,45,595,35,35,34,0,0,0,74,797
/Users/grano/PycharmProjects/jsep/projects/lang/sources/org/apache/commons/lang3/Validate.java,org.apache.commons.lang3.Validate,class,1,139,1,0,34,1263,51,51,50,20,0,20,69,1268
/Users/grano/PycharmProjects/jsep/projects/lang/sources/org/apache/commons/lang3/concurrent/MultiBackgroundInitializer.java,org.apache.commons.lang3.concurrent.MultiBackgroundInitializer,class,5,23,2,0,23,38,13,9,0,4,0,0,3,321
/Users/grano/PycharmProjects/jsep/projects/lang/sources/org/apache/commons/lang3/math/IEEE754rUtils.java,org.apache.commons.lang3.math.IEEE754rUtils,class,2,32,1,0,11,66,12,12,12,0,0,0,32,231
/Users/grano/PycharmProjects/jsep/projects/lang/sources/org/apache/commons/lang3/event/EventListenerSupport.java,org.apache.commons.lang3.event.EventListenerSupport,class,4,23,1,0,27,72,16,9,1,4,0,1,9,310
/Users/grano/PycharmProjects/jsep/projects/lang/sources/org/apache/commons/lang3/text/translate/CharSequenceTranslator.java,org.apache.commons.lang3.text.translate.CharSequenceTranslator,class,3,20,1,4,13,10,5,5,1,1,0,1,6,130
/Users/grano/PycharmProjects/jsep/projects/lang/sources/org/apache/commons/lang3/SerializationException.java,org.apache.commons.lang3.SerializationException,class,0,4,4,0,0,6,4,4,0,1,0,1,0,70
/Users/grano/PycharmProjects/jsep/projects/lang/sources/org/apache/commons/lang3/time/GmtTimeZone.java,org.apache.commons.lang3.time.GmtTimeZone,class,1,19,2,0,4,25,11,9,1,6,0,4,2,88
/Users/grano/PycharmProjects/jsep/projects/lang/sources/org/apache/commons/lang3/time/FastDateFormat.java,org.apache.commons.lang3.time.FastDateFormat,class,7,44,2,0,29,213,42,38,17,8,4,6,1,624
/Users/grano/PycharmProjects/jsep/projects/lang/sources/org/apache/commons/lang3/SerializationUtils.java,org.apache.commons.lang3.SerializationUtils,class,4,20,3,0,16,30,9,7,6,2,0,1,11,279
/Users/grano/PycharmProjects/jsep/projects/lang/sources/org/apache/commons/lang3/concurrent/AtomicSafeInitializer.java,org.apache.commons.lang3.concurrent.AtomicSafeInitializer,class,3,5,1,0,4,1,2,1,0,2,0,0,0,89
/Users/grano/PycharmProjects/jsep/projects/lang/sources/org/apache/commons/lang3/BooleanUtils.java,org.apache.commons.lang3.BooleanUtils,class,1,190,1,0,16,820,41,41,40,0,0,0,15,1054
/Users/grano/PycharmProjects/jsep/projects/lang/sources/org/apache/commons/lang3/reflect/MemberUtils.java,org.apache.commons.lang3.reflect.MemberUtils,class,1,60,1,0,31,135,18,2,14,4,0,2,25,287
/Users/grano/PycharmProjects/jsep/projects/lang/sources/org/apache/commons/lang3/concurrent/ConcurrentUtils.java,org.apache.commons.lang3.concurrent.ConcurrentUtils,class,8,41,1,0,13,159,19,15,12,1,0,0,8,360
/Users/grano/PycharmProjects/jsep/projects/lang/sources/org/apache/commons/lang3/text/translate/JavaUnicodeEscaper.java,org.apache.commons.lang3.text.translate.JavaUnicodeEscaper,class,3,6,4,0,3,15,6,5,4,0,0,0,5,109
/Users/grano/PycharmProjects/jsep/projects/lang/sources/org/apache/commons/lang3/exception/ExceptionContext.java,org.apache.commons.lang3.exception.ExceptionContext,interface,2,7,1,0,0,21,7,0,0,0,0,0,0,92
/Users/grano/PycharmProjects/jsep/projects/lang/sources/org/apache/commons/lang3/exception/ExceptionUtils.java,org.apache.commons.lang3.exception.ExceptionUtils,class,2,95,1,0,56,404,29,24,28,2,0,2,30,773
/Users/grano/PycharmProjects/jsep/projects/lang/sources/org/apache/commons/lang3/builder/Diff.java,org.apache.commons.lang3.builder.Diff,class,3,5,2,0,8,2,5,4,0,3,0,1,3,107
/Users/grano/PycharmProjects/jsep/projects/lang/sources/org/apache/commons/lang3/exception/ContextedException.java,org.apache.commons.lang3.exception.ContextedException,class,4,16,3,0,9,0,14,14,0,2,0,1,0,238
/Users/grano/PycharmProjects/jsep/projects/lang/sources/org/apache/commons/lang3/text/FormattableUtils.java,org.apache.commons.lang3.text.FormattableUtils,class,0,10,1,0,12,15,6,6,5,1,0,1,7,142
/Users/grano/PycharmProjects/jsep/projects/lang/sources/org/apache/commons/lang3/builder/Builder.java,org.apache.commons.lang3.builder.Builder,interface,1,1,1,0,0,0,1,0,0,0,0,0,0,86
/Users/grano/PycharmProjects/jsep/projects/lang/sources/org/apache/commons/lang3/reflect/InheritanceUtils.java,org.apache.commons.lang3.reflect.InheritanceUtils,class,0,9,1,0,4,1,2,2,1,0,0,0,2,60
/Users/grano/PycharmProjects/jsep/projects/lang/sources/org/apache/commons/lang3/mutable/Mutable.java,org.apache.commons.lang3.mutable.Mutable,interface,1,2,1,0,0,1,2,0,0,0,0,0,0,48
/Users/grano/PycharmProjects/jsep/projects/lang/sources/org/apache/commons/lang3/builder/RecursiveToStringStyle.java,org.apache.commons.lang3.builder.RecursiveToStringStyle,class,1,6,2,1,11,6,4,2,0,1,0,1,2,91
/Users/grano/PycharmProjects/jsep/projects/lang/sources/org/apache/commons/lang3/mutable/MutableObject.java,org.apache.commons.lang3.mutable.MutableObject,class,3,15,1,0,4,0,7,7,0,2,0,1,0,114
/Users/grano/PycharmProjects/jsep/projects/lang/sources/org/apache/commons/lang3/text/CompositeFormat.java,org.apache.commons.lang3.text.CompositeFormat,class,0,6,2,0,4,3,6,6,0,3,0,1,0,107
/Users/grano/PycharmProjects/jsep/projects/lang/sources/org/apache/commons/lang3/builder/EqualsBuilder.java,org.apache.commons.lang3.builder.EqualsBuilder,class,13,205,1,0,67,73,42,34,10,7,0,1,26,1088
/Users/grano/PycharmProjects/jsep/projects/lang/sources/org/apache/commons/lang3/text/WordUtils.java,org.apache.commons.lang3.text.WordUtils,class,1,90,1,0,35,105,15,14,14,0,0,0,35,713
/Users/grano/PycharmProjects/jsep/projects/lang/sources/org/apache/commons/lang3/builder/ReflectionDiffBuilder.java,org.apache.commons.lang3.builder.ReflectionDiffBuilder,class,5,14,1,0,14,0,4,2,0,3,0,0,5,126
/Users/grano/PycharmProjects/jsep/projects/lang/sources/org/apache/commons/lang3/builder/ReflectionToStringBuilder.java,org.apache.commons.lang3.builder.ReflectionToStringBuilder,class,6,61,2,0,47,415,31,25,11,5,0,0,19,805
/Users/grano/PycharmProjects/jsep/projects/lang/sources/org/apache/commons/lang3/math/Fraction.java,org.apache.commons.lang3.math.Fraction,class,1,170,2,0,37,145,34,27,10,18,12,13,48,878
/Users/grano/PycharmProjects/jsep/projects/lang/sources/org/apache/commons/lang3/ArrayUtils.java,org.apache.commons.lang3.ArrayUtils,class,13,1460,1,0,203,48666,319,314,318,20,20,20,488,8252
/Users/grano/PycharmProjects/jsep/projects/lang/sources/org/apache/commons/lang3/builder/IDKey.java,org.apache.commons.lang3.builder.IDKey,class,1,7,1,0,1,0,3,2,0,2,0,0,1,66
/Users/grano/PycharmProjects/jsep/projects/lang/sources/org/apache/commons/lang3/LocaleUtils.java,org.apache.commons.lang3.LocaleUtils,class,0,66,1,0,30,78,13,9,12,4,0,4,26,338
/Users/grano/PycharmProjects/jsep/projects/lang/sources/org/apache/commons/lang3/Range.java,org.apache.commons.lang3.Range,class,2,67,1,0,14,0,25,24,4,6,0,1,7,451
/Users/grano/PycharmProjects/jsep/projects/lang/sources/org/apache/commons/lang3/text/translate/UnicodeEscaper.java,org.apache.commons.lang3.text.translate.UnicodeEscaper,class,2,16,3,0,5,14,8,6,4,3,0,0,3,130
/Users/grano/PycharmProjects/jsep/projects/lang/sources/org/apache/commons/lang3/concurrent/AtomicInitializer.java,org.apache.commons.lang3.concurrent.AtomicInitializer,class,2,6,1,0,3,1,2,1,0,1,0,0,0,100
/Users/grano/PycharmProjects/jsep/projects/lang/sources/org/apache/commons/lang3/RandomUtils.java,org.apache.commons.lang3.RandomUtils,class,1,19,1,0,10,35,11,11,10,1,0,1,14,204
/Users/grano/PycharmProjects/jsep/projects/lang/sources/org/apache/commons/lang3/text/translate/NumericEntityUnescaper.java,org.apache.commons.lang3.text.translate.NumericEntityUnescaper,class,3,25,2,0,11,1,3,3,0,1,0,0,7,126
/Users/grano/PycharmProjects/jsep/projects/lang/sources/org/apache/commons/lang3/builder/ToStringBuilder.java,org.apache.commons.lang3.builder.ToStringBuilder,class,12,73,1,0,37,0,63,63,6,4,0,1,17,988
/Users/grano/PycharmProjects/jsep/projects/lang/sources/org/apache/commons/lang3/exception/ContextedRuntimeException.java,org.apache.commons.lang3.exception.ContextedRuntimeException,class,4,16,4,0,9,0,14,14,0,2,0,1,0,238
/Users/grano/PycharmProjects/jsep/projects/lang/sources/org/apache/commons/lang3/text/ExtendedMessageFormat.java,org.apache.commons.lang3.text.ExtendedMessageFormat,class,3,91,3,0,54,152,21,12,0,9,0,7,13,500
/Users/grano/PycharmProjects/jsep/projects/lang/sources/org/apache/commons/lang3/concurrent/Computable.java,org.apache.commons.lang3.concurrent.Computable,interface,2,1,1,0,0,0,1,0,0,0,0,0,0,39
/Users/grano/PycharmProjects/jsep/projects/lang/sources/org/apache/commons/lang3/builder/DiffResult.java,org.apache.commons.lang3.builder.DiffResult,class,3,12,1,0,11,0,7,6,0,6,1,2,5,182
/Users/grano/PycharmProjects/jsep/projects/lang/sources/org/apache/commons/lang3/text/StrSubstitutor.java,org.apache.commons.lang3.text.StrSubstitutor,class,7,146,1,0,66,1395,55,51,4,11,4,4,16,1167
/Users/grano/PycharmProjects/jsep/projects/lang/sources/org/apache/commons/lang3/ClassPathUtils.java,org.apache.commons.lang3.ClassPathUtils,class,0,5,1,0,8,10,5,5,4,0,0,0,10,122
/Users/grano/PycharmProjects/jsep/projects/lang/sources/org/apache/commons/lang3/reflect/TypeLiteral.java,org.apache.commons.lang3.reflect.TypeLiteral,class,4,9,1,0,11,0,5,4,0,3,1,1,6,111
/Users/grano/PycharmProjects/jsep/projects/lang/sources/org/apache/commons/lang3/mutable/MutableLong.java,org.apache.commons.lang3.mutable.MutableLong,class,2,32,2,0,6,0,30,30,0,2,0,1,5,347
/Users/grano/PycharmProjects/jsep/projects/lang/sources/org/apache/commons/lang3/concurrent/CircuitBreaker.java,org.apache.commons.lang3.concurrent.CircuitBreaker,interface,1,6,1,0,0,15,6,0,0,0,0,0,0,88
/Users/grano/PycharmProjects/jsep/projects/lang/sources/org/apache/commons/lang3/mutable/MutableShort.java,org.apache.commons.lang3.mutable.MutableShort,class,2,33,2,0,6,0,31,31,0,2,0,1,5,356
/Users/grano/PycharmProjects/jsep/projects/lang/sources/org/apache/commons/lang3/time/DateUtils.java,org.apache.commons.lang3.time.DateUtils,class,4,194,1,0,48,2004,64,56,59,14,11,12,77,1754
/Users/grano/PycharmProjects/jsep/projects/lang/sources/org/apache/commons/lang3/text/StrTokenizer.java,org.apache.commons.lang3.text.StrTokenizer,class,4,134,1,0,56,1796,64,55,8,11,0,2,29,1023
/Users/grano/PycharmProjects/jsep/projects/lang/sources/org/apache/commons/lang3/concurrent/Memoizer.java,org.apache.commons.lang3.concurrent.Memoizer,class,3,18,1,0,8,2,4,3,0,3,0,0,0,156
/Users/grano/PycharmProjects/jsep/projects/lang/sources/org/apache/commons/lang3/EnumUtils.java,org.apache.commons.lang3.EnumUtils,class,2,31,1,0,26,103,15,13,14,4,0,4,33,326
/Users/grano/PycharmProjects/jsep/projects/lang/sources/org/apache/commons/lang3/text/translate/NumericEntityEscaper.java,org.apache.commons.lang3.text.translate.NumericEntityEscaper,class,2,13,3,0,4,7,7,6,4,3,0,0,3,111
/Users/grano/PycharmProjects/jsep/projects/lang/sources/org/apache/commons/lang3/text/translate/EntityArrays.java,org.apache.commons.lang3.text.translate.EntityArrays,class,0,12,1,0,2,45,11,11,11,10,0,10,5,434
/Users/grano/PycharmProjects/jsep/projects/lang/sources/org/apache/commons/lang3/event/EventUtils.java,org.apache.commons.lang3.event.EventUtils,class,2,12,1,0,18,0,5,3,2,3,0,0,7,119
/Users/grano/PycharmProjects/jsep/projects/lang/sources/org/apache/commons/lang3/RegExUtils.java,org.apache.commons.lang3.RegExUtils,class,0,20,1,0,11,45,10,10,10,0,0,0,6,445
/Users/grano/PycharmProjects/jsep/projects/lang/sources/org/apache/commons/lang3/mutable/MutableFloat.java,org.apache.commons.lang3.mutable.MutableFloat,class,2,32,2,0,9,0,32,32,0,2,0,1,10,384
/Users/grano/PycharmProjects/jsep/projects/lang/sources/org/apache/commons/lang3/RandomStringUtils.java,org.apache.commons.lang3.RandomStringUtils,class,1,52,1,0,19,178,20,20,19,1,0,1,30,432
/Users/grano/PycharmProjects/jsep/projects/lang/sources/org/apache/commons/lang3/text/translate/OctalUnescaper.java,org.apache.commons.lang3.text.translate.OctalUnescaper,class,1,9,2,0,9,3,3,1,0,0,0,0,1,75
/Users/grano/PycharmProjects/jsep/projects/lang/sources/org/apache/commons/lang3/SystemUtils.java,org.apache.commons.lang3.SystemUtils,class,1,33,1,0,18,134,17,9,16,101,95,101,113,1668
/Users/grano/PycharmProjects/jsep/projects/lang/sources/org/apache/commons/lang3/builder/DiffBuilder.java,org.apache.commons.lang3.builder.DiffBuilder,class,22,156,1,0,47,1289,23,22,0,23,0,18,49,891
/Users/grano/PycharmProjects/jsep/projects/lang/sources/org/apache/commons/lang3/text/translate/LookupTranslator.java,org.apache.commons.lang3.text.translate.LookupTranslator,class,1,16,2,0,9,0,2,2,0,4,0,0,0,89
/Users/grano/PycharmProjects/jsep/projects/lang/sources/org/apache/commons/lang3/concurrent/BasicThreadFactory.java,org.apache.commons.lang3.concurrent.BasicThreadFactory,class,3,26,1,0,24,44,16,14,0,11,0,0,8,334
/Users/grano/PycharmProjects/jsep/projects/lang/sources/org/apache/commons/lang3/time/DatePrinter.java,org.apache.commons.lang3.time.DatePrinter,interface,1,13,1,0,0,78,13,0,0,0,0,0,0,162
/Users/grano/PycharmProjects/jsep/projects/lang/sources/org/apache/commons/lang3/time/TimeZones.java,org.apache.commons.lang3.time.TimeZones,class,0,1,1,0,0,0,1,0,0,1,1,1,0,31
/Users/grano/PycharmProjects/jsep/projects/lang/sources/org/apache/commons/lang3/concurrent/ConcurrentInitializer.java,org.apache.commons.lang3.concurrent.ConcurrentInitializer,interface,1,1,1,0,0,0,1,0,0,0,0,0,0,52
/Users/grano/PycharmProjects/jsep/projects/lang/sources/org/apache/commons/lang3/JavaVersion.java,org.apache.commons.lang3.JavaVersion,enum,1,45,1,0,15,13,7,2,4,2,0,0,12,228
/Users/grano/PycharmProjects/jsep/projects/lang/sources/org/apache/commons/lang3/arch/Processor.java,org.apache.commons.lang3.arch.Processor,class,2,8,1,0,2,0,8,8,0,2,0,0,0,150
/Users/grano/PycharmProjects/jsep/projects/lang/sources/org/apache/commons/lang3/reflect/ConstructorUtils.java,org.apache.commons.lang3.reflect.ConstructorUtils,class,1,28,1,0,27,36,9,8,8,0,0,0,25,287
/Users/grano/PycharmProjects/jsep/projects/lang/sources/org/apache/commons/lang3/time/FastDatePrinter.java,org.apache.commons.lang3.time.FastDatePrinter,class,24,242,1,0,72,3854,96,61,4,41,4,15,20,1416
/Users/grano/PycharmProjects/jsep/projects/lang/sources/org/apache/commons/lang3/mutable/MutableBoolean.java,org.apache.commons.lang3.mutable.MutableBoolean,class,2,19,1,0,6,0,16,16,0,2,0,1,4,191
/Users/grano/PycharmProjects/jsep/projects/lang/sources/org/apache/commons/lang3/reflect/TypeUtils.java,org.apache.commons.lang3.reflect.TypeUtils,class,9,388,1,0,125,2920,79,45,56,10,1,2,189,1682
/Users/grano/PycharmProjects/jsep/projects/lang/sources/org/apache/commons/lang3/concurrent/TimedSemaphore.java,org.apache.commons.lang3.concurrent.TimedSemaphore,class,0,38,1,0,19,156,19,14,0,13,1,2,1,429
/Users/grano/PycharmProjects/jsep/projects/lang/sources/org/apache/commons/lang3/AnnotationUtils.java,org.apache.commons.lang3.AnnotationUtils,class,10,96,1,0,62,66,12,5,9,1,0,1,32,350
/Users/grano/PycharmProjects/jsep/projects/lang/sources/org/apache/commons/lang3/tuple/MutableTriple.java,org.apache.commons.lang3.tuple.MutableTriple,class,5,9,2,0,0,4,9,9,1,4,3,1,0,120
/Users/grano/PycharmProjects/jsep/projects/lang/sources/org/apache/commons/lang3/tuple/ImmutableTriple.java,org.apache.commons.lang3.tuple.ImmutableTriple,class,6,6,2,0,1,0,6,6,2,5,3,2,1,114
/Users/grano/PycharmProjects/jsep/projects/lang/sources/org/apache/commons/lang3/builder/MultilineRecursiveToStringStyle.java,org.apache.commons.lang3.builder.MultilineRecursiveToStringStyle,class,9,17,3,0,27,0,14,2,0,3,0,2,8,196
/Users/grano/PycharmProjects/jsep/projects/lang/sources/org/apache/commons/lang3/StringEscapeUtils.java,org.apache.commons.lang3.StringEscapeUtils,class,10,29,3,0,25,155,19,19,16,24,16,24,40,755
/Users/grano/PycharmProjects/jsep/projects/lang/sources/org/apache/commons/lang3/text/FormatFactory.java,org.apache.commons.lang3.text.FormatFactory,interface,0,1,1,0,0,0,1,0,0,0,0,0,0,41
/Users/grano/PycharmProjects/jsep/projects/lang/sources/org/apache/commons/lang3/CharEncoding.java,org.apache.commons.lang3.CharEncoding,class,0,4,1,0,1,0,1,1,1,6,6,6,1,99
/Users/grano/PycharmProjects/jsep/projects/lang/sources/org/apache/commons/lang3/concurrent/ThresholdCircuitBreaker.java,org.apache.commons.lang3.concurrent.ThresholdCircuitBreaker,class,1,9,2,0,6,0,5,5,0,3,0,1,0,116
/Users/grano/PycharmProjects/jsep/projects/lang/sources/org/apache/commons/lang3/text/StrMatcher.java,org.apache.commons.lang3.text.StrMatcher,class,7,45,6,0,10,293,27,21,13,12,0,9,5,406
/Users/grano/PycharmProjects/jsep/projects/lang/sources/org/apache/commons/lang3/concurrent/LazyInitializer.java,org.apache.commons.lang3.concurrent.LazyInitializer,class,2,6,1,0,1,1,2,1,0,2,0,1,0,118
/Users/grano/PycharmProjects/jsep/projects/lang/sources/org/apache/commons/lang3/NotImplementedException.java,org.apache.commons.lang3.NotImplementedException,class,0,7,5,0,0,9,7,7,0,2,0,1,0,117
/Users/grano/PycharmProjects/jsep/projects/lang/sources/org/apache/commons/lang3/concurrent/EventCountCircuitBreaker.java,org.apache.commons.lang3.concurrent.EventCountCircuitBreaker,class,7,36,4,0,31,381,30,19,2,8,0,1,5,523
/Users/grano/PycharmProjects/jsep/projects/lang/sources/org/apache/commons/lang3/builder/HashCodeBuilder.java,org.apache.commons.lang3.builder.HashCodeBuilder,class,13,97,1,0,53,160,36,30,11,5,0,3,24,943
/Users/grano/PycharmProjects/jsep/projects/lang/sources/org/apache/commons/lang3/exception/DefaultExceptionContext.java,org.apache.commons.lang3.exception.DefaultExceptionContext,class,4,27,1,0,19,0,7,7,0,2,0,1,4,150
/Users/grano/PycharmProjects/jsep/projects/lang/sources/org/apache/commons/lang3/BitField.java,org.apache.commons.lang3.BitField,class,0,22,1,0,10,107,18,18,0,2,0,0,1,301
/Users/grano/PycharmProjects/jsep/projects/lang/sources/org/apache/commons/lang3/ClassUtils.java,org.apache.commons.lang3.ClassUtils,class,4,249,1,0,98,1875,53,50,52,10,4,9,59,1357
/Users/grano/PycharmProjects/jsep/projects/lang/sources/org/apache/commons/lang3/CharSequenceUtils.java,org.apache.commons.lang3.CharSequenceUtils,class,1,57,1,0,13,26,8,2,7,1,0,1,6,288
/Users/grano/PycharmProjects/jsep/projects/lang/sources/org/apache/commons/lang3/CharRange.java,org.apache.commons.lang3.CharRange,class,2,56,1,0,6,9,19,16,4,8,0,1,2,329
/Users/grano/PycharmProjects/jsep/projects/lang/sources/org/apache/commons/lang3/CharUtils.java,org.apache.commons.lang3.CharUtils,class,1,44,1,0,15,276,24,24,23,5,3,5,19,519
/Users/grano/PycharmProjects/jsep/projects/lang/sources/org/apache/commons/lang3/tuple/ImmutablePair.java,org.apache.commons.lang3.tuple.ImmutablePair,class,5,6,2,0,1,0,6,6,2,4,2,2,1,112
/Users/grano/PycharmProjects/jsep/projects/lang/sources/org/apache/commons/lang3/time/StopWatch.java,org.apache.commons.lang3.time.StopWatch,class,3,61,1,0,12,437,35,20,1,6,0,1,9,513
/Users/grano/PycharmProjects/jsep/projects/lang/sources/org/apache/commons/lang3/builder/ToStringStyle.java,org.apache.commons.lang3.builder.ToStringStyle,class,16,375,8,0,125,9493,142,32,4,37,7,17,21,2306
/Users/grano/PycharmProjects/jsep/projects/lang/sources/org/apache/commons/lang3/tuple/MutablePair.java,org.apache.commons.lang3.tuple.MutablePair,class,4,8,2,0,2,6,8,8,1,3,2,1,0,111
/Users/grano/PycharmProjects/jsep/projects/lang/sources/org/apache/commons/lang3/time/DateParser.java,org.apache.commons.lang3.time.DateParser,interface,0,8,1,0,0,28,8,0,0,0,0,0,0,117
/Users/grano/PycharmProjects/jsep/projects/lang/sources/org/apache/commons/lang3/builder/StandardToStringStyle.java,org.apache.commons.lang3.builder.StandardToStringStyle,class,1,41,2,0,40,820,41,41,0,1,0,1,0,494
/Users/grano/PycharmProjects/jsep/projects/lang/sources/org/apache/commons/lang3/CharSet.java,org.apache.commons.lang3.CharSet,class,2,32,1,0,18,0,8,5,1,8,5,7,6,273
/Users/grano/PycharmProjects/jsep/projects/lang/sources/org/apache/commons/lang3/reflect/MethodUtils.java,org.apache.commons.lang3.reflect.MethodUtils,class,2,129,1,0,78,435,30,24,29,0,0,0,85,950
/Users/grano/PycharmProjects/jsep/projects/lang/sources/org/apache/commons/lang3/Conversion.java,org.apache.commons.lang3.Conversion,class,4,363,1,0,19,859,42,42,42,16,0,16,23,1518
/Users/grano/PycharmProjects/jsep/projects/lang/sources/org/apache/commons/lang3/math/NumberUtils.java,org.apache.commons.lang3.math.NumberUtils,class,7,313,1,0,68,1596,57,52,56,18,18,18,99,1531
/Users/grano/PycharmProjects/jsep/projects/lang/sources/org/apache/commons/lang3/concurrent/CircuitBreakingException.java,org.apache.commons.lang3.concurrent.CircuitBreakingException,class,0,4,4,0,0,6,4,4,0,1,0,1,0,61
/Users/grano/PycharmProjects/jsep/projects/lang/sources/org/apache/commons/lang3/exception/CloneFailedException.java,org.apache.commons.lang3.exception.CloneFailedException,class,0,3,4,0,0,3,3,3,0,1,0,1,0,53
/Users/grano/PycharmProjects/jsep/projects/lang/sources/org/apache/commons/lang3/concurrent/ConcurrentException.java,org.apache.commons.lang3.concurrent.ConcurrentException,class,0,3,3,0,1,3,3,2,0,1,0,1,2,65
/Users/grano/PycharmProjects/jsep/projects/lang/sources/org/apache/commons/lang3/concurrent/CallableBackgroundInitializer.java,org.apache.commons.lang3.concurrent.CallableBackgroundInitializer,class,2,4,2,0,3,0,4,2,0,1,0,0,1,118
/Users/grano/PycharmProjects/jsep/projects/lang/sources/org/apache/commons/lang3/time/FastDateParser.java,org.apache.commons.lang3.time.FastDateParser,class,12,181,10,0,85,1020,56,12,5,46,0,26,18,881
/Users/grano/PycharmProjects/jsep/projects/lang/sources/org/apache/commons/lang3/time/DurationFormatUtils.java,org.apache.commons.lang3.time.DurationFormatUtils,class,1,130,1,0,38,138,21,12,12,10,1,8,51,634
/Users/grano/PycharmProjects/jsep/projects/lang/sources/org/apache/commons/lang3/builder/Diffable.java,org.apache.commons.lang3.builder.Diffable,interface,2,1,1,0,0,0,1,0,0,0,0,0,0,51
/Users/grano/PycharmProjects/jsep/projects/lang/sources/org/apache/commons/lang3/text/translate/UnicodeUnpairedSurrogateRemover.java,org.apache.commons.lang3.text.translate.UnicodeUnpairedSurrogateRemover,class,1,3,3,0,0,0,1,1,0,0,0,0,0,42
/Users/grano/PycharmProjects/jsep/projects/lang/sources/org/apache/commons/lang3/StringUtils.java,org.apache.commons.lang3.StringUtils,class,9,1283,1,0,181,24248,232,218,231,7,5,7,325,8958
/Users/grano/PycharmProjects/jsep/projects/lang/sources/org/apache/commons/lang3/time/FastTimeZone.java,org.apache.commons.lang3.time.FastTimeZone,class,1,15,1,0,11,13,6,3,5,2,0,2,7,83
/Users/grano/PycharmProjects/jsep/projects/lang/sources/org/apache/commons/lang3/mutable/MutableDouble.java,org.apache.commons.lang3.mutable.MutableDouble,class,2,32,2,0,9,0,32,32,0,2,0,1,10,383
/Users/grano/PycharmProjects/jsep/projects/lang/sources/org/apache/commons/lang3/time/FormatCache.java,org.apache.commons.lang3.time.FormatCache,class,2,35,1,0,20,43,11,4,1,5,0,2,15,244
/Users/grano/PycharmProjects/jsep/projects/lang/sources/org/apache/commons/lang3/text/translate/CodePointTranslator.java,org.apache.commons.lang3.text.translate.CodePointTranslator,class,1,3,2,0,2,1,2,2,0,0,0,0,1,50
/Users/grano/PycharmProjects/jsep/projects/lang/sources/org/apache/commons/lang3/ObjectUtils.java,org.apache.commons.lang3.ObjectUtils,class,5,104,1,0,56,683,38,36,35,3,1,3,33,997
/Users/grano/PycharmProjects/jsep/projects/lang/sources/org/apache/commons/lang3/time/DateFormatUtils.java,org.apache.commons.lang3.time.DateFormatUtils,class,1,17,1,0,8,124,17,17,16,15,14,15,26,372
/Users/grano/PycharmProjects/jsep/projects/lang/sources/org/apache/commons/lang3/concurrent/AbstractCircuitBreaker.java,org.apache.commons.lang3.concurrent.AbstractCircuitBreaker,class,4,16,1,1,9,73,14,12,1,3,1,1,3,152
/Users/grano/PycharmProjects/jsep/projects/lang/sources/org/apache/commons/lang3/text/translate/AggregateTranslator.java,org.apache.commons.lang3.text.translate.AggregateTranslator,class,1,5,2,0,2,0,2,2,0,1,0,0,1,56
/Users/grano/PycharmProjects/jsep/projects/lang/sources/org/apache/commons/lang3/concurrent/ConstantInitializer.java,org.apache.commons.lang3.concurrent.ConstantInitializer,class,3,11,1,0,8,13,6,6,0,2,0,1,5,118
/Users/grano/PycharmProjects/jsep/projects/lang/sources/org/apache/commons/lang3/reflect/Typed.java,org.apache.commons.lang3.reflect.Typed,interface,0,1,1,0,0,0,1,0,0,0,0,0,0,31
/Users/grano/PycharmProjects/jsep/projects/lang/sources/org/apache/commons/lang3/builder/CompareToBuilder.java,org.apache.commons.lang3.builder.CompareToBuilder,class,10,210,1,0,43,3,31,29,6,1,0,0,14,994
