project_x,class_x,branch_coverage,file,type,cbo,wmc,dit,noc,rfc,lcom,nom,nopm,nosm,nof,nopf,nosf,nosi,loc,project_y,vocabulary,length,calculated_length,volume,difficulty,effort,time,bugs,A,Ca,Ce,D,I,V,project,abstract,assert,boolean,break,byte,case,catch,char,class_y,class-name,const,continue,default,do,double,else,extends,false,final,finally,float,for,goto,if,implements,import,instanceof,int,interface,long,native,new,null,package,private,protected,public,return,short,static,strictfp,super,switch,synchronized,this,throw,throws,transient,true,try,void,volatile,while,prediction,delta
cassandra,org.apache.cassandra.auth.JMXResource,0.9333333333333332,/Users/grano/PycharmProjects/jsep/projects/cassandra/sources/org/apache/cassandra/auth/JMXResource.java,class,4,35,1,0,13,0,14,12,3,5,0,3,8,158,cassandra,92,248,568.1685439087073,1617.8433651021396,7.779069767441863,12585.316409922456,699.184244995692,0.5392811217007131,0.17,10.0,37.0,0.04,0.79,1.0,cassandra,0,0,3,0,0,0,2,0,1,org.apache.cassandra.auth.JMXResource,0,0,0,0,0,1,0,0,5,0,0,3,0,10,1,8,1,1,0,0,0,6,0,1,7,0,13,20,1,6,0,0,0,0,3,4,0,0,0,1,0,0,0,0.4783715780998389,0.45496175523349436
cassandra,org.apache.cassandra.cache.KeyCacheKey,0.11111111111111112,/Users/grano/PycharmProjects/jsep/projects/cassandra/sources/org/apache/cassandra/cache/KeyCacheKey.java,class,5,9,2,0,13,0,5,5,0,3,2,1,8,63,cassandra,51,130,259.8664756744443,737.4152944562945,7.840909090909093,5782.0062860777625,321.2225714487647,0.2458050981520981,0.21,11.0,31.0,0.05,0.74,1.0,cassandra,0,1,1,0,0,0,0,0,1,org.apache.cassandra.cache.KeyCacheKey,0,0,0,0,0,0,1,0,3,0,0,2,0,2,0,6,0,2,0,2,0,0,1,1,1,0,8,6,0,1,0,0,0,0,3,0,0,0,0,0,0,0,0,0.4675925925925926,0.3564814814814815
cassandra,org.apache.cassandra.config.TransparentDataEncryptionOptions,1.0,/Users/grano/PycharmProjects/jsep/projects/cassandra/sources/org/apache/cassandra/config/TransparentDataEncryptionOptions.java,class,3,8,1,0,4,14,8,8,0,6,6,0,0,65,cassandra,38,108,188.11730005192317,566.7761714519073,2.6944444444444446,1527.1469064120834,84.8414948006713,0.18892539048396906,0.07,63.0,57.0,0.46,0.47,1.0,cassandra,0,0,3,0,0,0,0,0,1,org.apache.cassandra.config.TransparentDataEncryptionOptions,0,0,0,0,0,0,0,0,0,0,0,2,0,1,0,2,1,2,0,0,0,0,0,1,0,0,15,3,0,0,0,0,0,0,4,0,0,0,0,0,1,0,0,0.5847222222222223,0.41527777777777775
cassandra,org.apache.cassandra.cql3.ColumnConditions,0.5,/Users/grano/PycharmProjects/jsep/projects/cassandra/sources/org/apache/cassandra/cql3/ColumnConditions.java,class,9,21,2,0,12,0,11,9,1,4,0,0,4,147,cassandra,49,139,258.838737480786,780.444668332014,2.8260869565217392,2205.6044974600395,122.53358319222441,0.260148222777338,0.13,35.0,48.0,0.29,0.58,1.0,cassandra,0,0,3,0,0,0,0,0,2,org.apache.cassandra.cql3.ColumnConditions,0,0,0,0,0,1,1,0,4,0,0,6,0,5,0,10,0,0,0,0,0,7,0,1,6,0,11,7,0,4,0,0,0,0,4,0,0,0,0,0,2,0,0,0.14344729344729346,0.35655270655270654
cassandra,org.apache.cassandra.cql3.ColumnSpecification,0.14999999999999994,/Users/grano/PycharmProjects/jsep/projects/cassandra/sources/org/apache/cassandra/cql3/ColumnSpecification.java,class,6,14,1,1,11,0,7,7,1,4,4,0,0,92,cassandra,53,167,279.6878405090523,956.5627159120544,6.333333333333332,6058.230534109676,336.5683630060932,0.31885423863735146,0.13,35.0,48.0,0.29,0.58,1.0,cassandra,0,0,3,0,0,0,0,0,1,org.apache.cassandra.cql3.ColumnSpecification,0,0,0,0,0,0,0,1,4,0,0,4,0,4,0,6,2,1,0,0,0,3,1,1,0,0,12,9,0,1,0,0,0,0,3,0,0,0,1,0,0,0,1,0.5560846560846561,0.40608465608465616
cassandra,org.apache.cassandra.cql3.Cql_Parser,0.007832422586520947,/Users/grano/PycharmProjects/jsep/projects/cassandra/sources/org/apache/cassandra/cql3/Cql_Parser.java,class,166,2657,18,0,273,10606,181,179,0,1411,1199,1393,30,14753,cassandra,3158,30717,36589.371045391956,357078.8420176589,45.99491255961843,16423810.11549203,912433.8953051128,119.02628067255293,0.13,35.0,48.0,0.29,0.58,1.0,cassandra,0,0,45,47,0,1644,139,0,17,org.apache.cassandra.cql3.Cql_Parser,0,0,47,133,0,104,17,0,1528,149,0,158,0,275,0,26,4,636,0,0,0,1263,9,1,1,31,1381,130,0,1409,0,0,242,0,1,83,134,0,0,154,37,0,47,0.401592866979364,0.3937604443928431
cassandra,org.apache.cassandra.cql3.IndexName,1.0,/Users/grano/PycharmProjects/jsep/projects/cassandra/sources/org/apache/cassandra/cql3/IndexName.java,class,2,6,2,0,5,0,4,4,0,1,0,0,0,42,cassandra,24,38,100.10749561002054,174.228575027404,1.5909090909090908,277.1818239072336,15.39899021706853,0.058076191675801324,0.13,35.0,48.0,0.29,0.58,1.0,cassandra,0,0,1,0,0,0,0,0,1,org.apache.cassandra.cql3.IndexName,0,0,0,0,0,0,1,0,1,0,0,2,0,1,0,0,0,0,0,0,0,1,0,1,1,0,5,3,0,0,0,0,0,0,3,0,0,0,0,0,1,0,0,0.5208333333333334,0.47916666666666663
cassandra,org.apache.cassandra.cql3.Operations,0.22222222222222227,/Users/grano/PycharmProjects/jsep/projects/cassandra/sources/org/apache/cassandra/cql3/Operations.java,class,3,15,1,0,9,0,10,10,0,3,0,0,0,129,cassandra,43,108,214.13068653562766,586.0365935078265,5.230769230769232,3065.4221814255543,170.3012323014197,0.1953455311692755,0.13,35.0,48.0,0.29,0.58,1.0,cassandra,0,0,4,0,0,0,0,0,1,org.apache.cassandra.cql3.Operations,0,0,0,0,0,1,0,0,4,0,0,4,0,11,1,6,0,0,0,0,0,2,0,1,3,0,11,8,0,5,0,0,0,0,8,0,0,0,0,0,2,0,0,0.6833333333333332,0.46111111111111097
cassandra,org.apache.cassandra.cql3.WhereClause,0.5,/Users/grano/PycharmProjects/jsep/projects/cassandra/sources/org/apache/cassandra/cql3/WhereClause.java,class,5,6,1,0,3,5,6,5,1,5,2,1,0,59,cassandra,30,76,136.60593781761293,372.9236852662474,2.5714285714285716,958.9466192560648,53.274812180892496,0.12430789508874915,0.13,35.0,48.0,0.29,0.58,1.0,cassandra,0,0,1,0,0,0,0,0,2,org.apache.cassandra.cql3.WhereClause,0,0,0,0,0,0,0,0,5,0,0,2,0,0,0,3,0,0,0,0,0,4,0,1,2,0,9,5,0,3,0,0,0,0,3,0,0,0,0,0,0,0,0,0.9166666666666666,0.41666666666666663
cassandra,org.apache.cassandra.cql3.functions.CastFcts,1.0,/Users/grano/PycharmProjects/jsep/projects/cassandra/sources/org/apache/cassandra/cql3/functions/CastFcts.java,class,20,32,21,0,35,234,24,12,10,3,0,1,37,303,cassandra,101,534,648.1915456921514,3555.4849317894586,10.845360824742267,38560.51699219083,2142.2509440106023,1.1851616439298196,0.16,11.0,52.0,0.02,0.83,1.0,cassandra,1,2,0,0,0,0,0,0,8,org.apache.cassandra.cql3.functions.CastFcts,0,0,0,0,0,0,7,0,8,0,0,5,0,4,2,28,0,0,0,0,1,6,0,1,14,6,13,19,0,17,0,0,0,0,3,0,0,0,0,0,1,0,0,0.26184577434577433,0.7381542256542257
cassandra,org.apache.cassandra.cql3.restrictions.IndexRestrictions,1.0,/Users/grano/PycharmProjects/jsep/projects/cassandra/sources/org/apache/cassandra/cql3/restrictions/IndexRestrictions.java,class,6,9,1,0,6,24,9,5,4,7,5,5,4,69,cassandra,47,131,249.13338933483536,727.6511395697705,2.7777777777777777,2021.2531654715847,112.29184252619915,0.2425503798565901,0.26,2.0,20.0,0.17,0.91,1.0,cassandra,0,0,1,0,0,0,0,0,1,org.apache.cassandra.cql3.restrictions.IndexRestrictions,0,0,0,0,0,0,0,0,7,0,0,3,0,0,0,5,0,0,0,0,0,6,0,1,2,0,11,7,0,9,0,0,0,0,3,0,0,0,0,0,2,0,0,0.6050925925925926,0.3949074074074074
cassandra,org.apache.cassandra.db.DeletionTime,0.9807692307692308,/Users/grano/PycharmProjects/jsep/projects/cassandra/sources/org/apache/cassandra/db/DeletionTime.java,class,9,30,1,0,17,21,19,19,0,5,2,3,3,158,cassandra,93,272,562.3475537506683,1778.651196621385,14.457831325301207,25715.43898729713,1428.635499294285,0.5928837322071283,0.13,67.0,77.0,0.34,0.53,1.0,cassandra,0,0,6,0,0,0,0,0,2,org.apache.cassandra.db.DeletionTime,0,0,0,0,0,4,0,0,6,0,0,5,0,4,2,10,1,7,0,6,0,3,0,1,3,0,23,20,0,4,0,0,0,0,7,0,3,0,0,0,3,0,0,0.4598484848484849,0.5209207459207459
cassandra,org.apache.cassandra.db.LivenessInfo,1.0,/Users/grano/PycharmProjects/jsep/projects/cassandra/sources/org/apache/cassandra/db/LivenessInfo.java,class,4,37,2,0,13,108,29,27,4,7,4,4,5,258,cassandra,67,246,374.0649201909144,1492.257940852612,11.2,16713.288937549252,928.5160520860696,0.4974193136175373,0.13,67.0,77.0,0.34,0.53,1.0,cassandra,0,1,7,0,0,1,0,0,2,org.apache.cassandra.db.LivenessInfo,0,0,0,0,0,0,1,0,7,0,0,5,0,12,0,4,1,20,0,3,0,9,0,1,4,2,32,24,0,9,0,0,0,0,21,2,0,0,0,0,4,0,0,0.5801282051282052,0.4198717948717948
cassandra,org.apache.cassandra.db.RowIndexEntry,0.75,/Users/grano/PycharmProjects/jsep/projects/cassandra/sources/org/apache/cassandra/db/RowIndexEntry.java,class,35,126,6,0,51,1336,74,47,12,40,1,10,20,862,cassandra,172,1326,1218.3313651814638,9847.22706473498,37.39130434782609,368200.6641596558,20455.59245331421,3.282409021578327,0.13,67.0,77.0,0.34,0.53,1.0,cassandra,2,7,3,0,0,10,0,0,10,org.apache.cassandra.db.RowIndexEntry,0,0,0,2,0,5,6,0,45,0,0,31,0,18,3,22,0,41,2,47,0,30,1,1,46,0,54,45,0,35,0,0,2,0,8,6,37,0,1,0,21,0,0,0.14497939925571507,0.6050206007442849
cassandra,org.apache.cassandra.db.Slice,0.14754098360655735,/Users/grano/PycharmProjects/jsep/projects/cassandra/sources/org/apache/cassandra/db/Slice.java,class,12,66,1,0,37,0,25,23,6,4,2,2,8,286,cassandra,113,623,715.4989097665853,4248.971493584662,32.257425742574256,137060.88243662208,7614.4934687012255,1.4163238311948874,0.13,67.0,77.0,0.34,0.53,1.0,cassandra,0,4,9,0,0,0,0,0,2,org.apache.cassandra.db.Slice,0,0,0,0,0,2,0,0,4,0,0,19,0,18,0,7,2,6,0,1,0,12,0,1,4,0,27,34,0,9,0,0,0,0,11,0,2,0,1,0,1,0,0,0.4975991402282297,0.3500581566216724
cassandra,org.apache.cassandra.db.commitlog.IntervalSet,1.0,/Users/grano/PycharmProjects/jsep/projects/cassandra/sources/org/apache/cassandra/db/commitlog/IntervalSet.java,class,12,31,1,0,31,0,18,17,2,3,0,1,5,163,cassandra,74,210,437.0498111861477,1303.9852067820798,5.8,7563.114199336062,420.1730110742257,0.4346617355940266,0.16,8.0,46.0,0.01,0.85,1.0,cassandra,0,2,3,0,0,0,0,0,2,org.apache.cassandra.db.commitlog.IntervalSet,0,0,0,0,0,0,4,0,4,0,0,4,0,3,0,7,1,2,0,2,0,8,3,1,3,0,22,14,0,4,0,0,0,0,0,0,2,0,0,0,3,0,1,0.3431712962962963,0.6568287037037037
cassandra,org.apache.cassandra.db.partitions.SingletonUnfilteredPartitionIterator,1.0,/Users/grano/PycharmProjects/jsep/projects/cassandra/sources/org/apache/cassandra/db/partitions/SingletonUnfilteredPartitionIterator.java,class,4,11,1,0,2,3,7,7,0,3,0,0,0,60,cassandra,26,59,112.03910001730776,277.32594337032447,2.25,623.98337258323,34.66574292129056,0.09244198112344147,0.32,30.0,26.0,0.22,0.46,1.0,cassandra,0,0,5,0,0,0,0,0,1,org.apache.cassandra.db.partitions.SingletonUnfilteredPartitionIterator,0,0,0,0,0,0,0,0,2,0,0,2,0,2,1,3,0,0,0,0,0,2,0,1,3,0,8,4,0,0,0,0,0,0,3,2,0,0,0,0,2,0,0,0.6035353535353535,0.3964646464646465
cassandra,org.apache.cassandra.db.rows.EncodingStats,0.9285714285714286,/Users/grano/PycharmProjects/jsep/projects/cassandra/sources/org/apache/cassandra/db/rows/EncodingStats.java,class,11,47,1,0,34,41,18,18,1,14,5,5,15,216,cassandra,130,461,862.0461524218957,3237.311561806117,16.875,54629.63260547823,3034.9795891932354,1.0791038539353726,0.36,39.0,31.0,0.19,0.44,1.0,cassandra,0,0,4,0,1,0,0,0,3,org.apache.cassandra.db.rows.EncodingStats,0,0,0,0,0,1,0,0,8,0,0,9,0,8,1,6,0,14,0,5,0,6,1,1,9,0,26,10,0,9,0,0,0,0,9,0,2,0,0,0,9,0,1,0.4756277983975492,0.4529436301738794
cassandra,org.apache.cassandra.db.rows.NativeCell,0.03333333333333333,/Users/grano/PycharmProjects/jsep/projects/cassandra/sources/org/apache/cassandra/db/rows/NativeCell.java,class,6,21,4,0,28,18,12,10,1,8,0,7,2,132,cassandra,68,200,396.208795349013,1217.492568250068,2.7384615384615385,3334.0565715155712,185.22536508419842,0.405830856083356,0.36,39.0,31.0,0.19,0.44,1.0,cassandra,0,4,0,0,0,0,0,0,1,org.apache.cassandra.db.rows.NativeCell,0,0,0,0,0,0,1,0,8,0,0,2,0,4,0,7,0,6,0,15,0,3,1,1,10,0,11,9,0,8,0,0,0,0,3,2,0,0,0,0,0,0,0,0.4110863095238095,0.37775297619047615
cassandra,org.apache.cassandra.dht.Bounds,0.021739130434782605,/Users/grano/PycharmProjects/jsep/projects/cassandra/sources/org/apache/cassandra/dht/Bounds.java,class,12,27,2,0,19,153,17,15,3,0,0,0,5,163,cassandra,72,198,418.0376162351075,1221.6451502855778,5.641791044776119,6892.266668775349,382.9037038208528,0.4072150500951926,0.18,35.0,30.0,0.36,0.46,1.0,cassandra,0,3,8,0,0,1,0,0,1,org.apache.cassandra.dht.Bounds,0,0,0,0,0,0,5,0,0,0,0,5,0,5,0,11,1,1,0,0,0,5,0,1,0,2,17,21,0,3,0,0,0,0,4,0,0,0,0,0,0,0,2,0.4306826056826057,0.4089434752478231
cassandra,org.apache.cassandra.dht.Range,0.007352941176470587,/Users/grano/PycharmProjects/jsep/projects/cassandra/sources/org/apache/cassandra/dht/Range.java,class,13,116,2,0,54,855,40,33,13,4,1,1,32,507,cassandra,151,881,1036.1533701773055,6377.034575345396,29.142857142857146,185845.00762435148,10324.722645797308,2.125678191781798,0.18,35.0,30.0,0.36,0.46,1.0,cassandra,0,5,21,0,0,0,0,0,5,org.apache.cassandra.dht.Range,0,0,0,3,0,9,13,2,2,0,0,13,0,48,1,5,3,3,0,1,0,24,1,1,8,2,38,67,0,15,0,0,0,0,16,1,0,0,7,0,0,0,2,0.5926462905548909,0.5852933493784204
cassandra,org.apache.cassandra.index.sasi.utils.MappedBuffer,0.035714285714285705,/Users/grano/PycharmProjects/jsep/projects/cassandra/sources/org/apache/cassandra/index/sasi/utils/MappedBuffer.java,class,6,44,1,0,24,75,26,21,0,4,0,0,2,210,cassandra,110,443,688.2972620279857,3004.1423530914244,22.453608247422682,67453.83551580537,3747.4353064336324,1.001380784363808,0.21,5.0,15.0,0.04,0.75,1.0,cassandra,0,0,2,0,2,0,1,0,1,org.apache.cassandra.index.sasi.utils.MappedBuffer,0,0,0,0,0,0,0,0,3,1,0,5,0,8,1,9,0,18,0,12,0,6,0,1,8,1,22,23,3,0,0,0,0,0,5,4,0,0,0,2,1,0,0,0.3760657051282052,0.3403514194139195
cassandra,org.apache.cassandra.io.util.ChecksumWriter,0.0625,/Users/grano/PycharmProjects/jsep/projects/cassandra/sources/org/apache/cassandra/io/util/ChecksumWriter.java,class,2,9,1,0,16,0,4,4,0,3,0,0,3,88,cassandra,39,65,199.42124551085624,343.5511442260462,0.0,0.0,0.0,0.11451704807534872,0.21,48.0,34.0,0.38,0.41,1.0,cassandra,0,1,1,0,0,1,3,0,1,org.apache.cassandra.io.util.ChecksumWriter,0,0,0,0,0,0,0,0,3,0,0,3,0,4,0,7,0,1,0,0,0,5,0,1,3,0,5,0,0,0,0,0,0,0,4,3,0,0,0,3,3,0,0,0.4123172514619883,0.3498172514619883
cassandra,org.apache.cassandra.io.util.DataInputBuffer,0.8333333333333333,/Users/grano/PycharmProjects/jsep/projects/cassandra/sources/org/apache/cassandra/io/util/DataInputBuffer.java,class,2,9,3,1,8,15,6,4,1,0,0,0,3,63,cassandra,31,74,133.82107314610522,366.61052696862885,5.230769230769232,1917.6550641435967,106.53639245242205,0.12220350898954295,0.21,48.0,34.0,0.38,0.41,1.0,cassandra,0,0,1,0,0,0,0,0,1,org.apache.cassandra.io.util.DataInputBuffer,0,0,0,0,0,0,1,0,0,0,0,2,0,1,0,2,0,5,0,0,0,0,0,1,1,1,5,2,0,1,0,0,0,0,3,0,2,0,0,0,1,0,0,0.3923611111111111,0.44097222222222215
cassandra,org.apache.cassandra.io.util.FileSegmentInputStream,0.16666666666666666,/Users/grano/PycharmProjects/jsep/projects/cassandra/sources/org/apache/cassandra/io/util/FileSegmentInputStream.java,class,3,13,4,0,8,41,11,10,0,2,0,0,1,80,cassandra,45,83,219.07272996525947,455.823806995363,5.842105263157895,2662.9706619202784,147.9428145511266,0.15194126899845434,0.21,48.0,34.0,0.38,0.41,1.0,cassandra,0,0,2,0,1,0,0,0,1,org.apache.cassandra.io.util.FileSegmentInputStream,0,0,0,0,0,0,1,0,2,0,0,3,0,1,1,1,0,0,0,6,0,3,0,1,3,0,11,7,0,0,0,0,0,0,3,3,0,0,0,0,2,0,0,0.5472222222222222,0.38055555555555554
cassandra,org.apache.cassandra.io.util.RandomAccessReader,0.02,/Users/grano/PycharmProjects/jsep/projects/cassandra/sources/org/apache/cassandra/io/util/RandomAccessReader.java,class,11,51,6,0,37,223,27,22,1,5,1,1,1,287,cassandra,111,301,709.1167098940732,2045.119175771382,10.431372549019608,21333.4000296152,1185.1888905341775,0.681706391923794,0.21,48.0,34.0,0.38,0.41,1.0,cassandra,0,5,3,0,2,3,1,0,4,org.apache.cassandra.io.util.RandomAccessReader,0,0,1,1,1,0,2,0,4,2,0,4,0,12,2,6,2,3,0,13,0,9,0,1,5,1,24,21,0,4,0,0,1,0,7,4,3,0,1,3,7,0,1,0.4729859335038363,0.45298593350383626
cassandra,org.apache.cassandra.metrics.DefaultNameFactory,1.0,/Users/grano/PycharmProjects/jsep/projects/cassandra/sources/org/apache/cassandra/metrics/DefaultNameFactory.java,class,2,9,1,0,5,0,5,4,2,3,1,1,2,62,cassandra,30,100,133.13685006057713,490.6890595608519,3.4814814814814814,1708.3248740266697,94.90693744592608,0.1635630198536173,0.07,24.0,33.0,0.35,0.58,1.0,cassandra,0,0,0,0,0,0,0,0,1,org.apache.cassandra.metrics.DefaultNameFactory,0,0,1,0,0,0,0,0,4,0,0,2,0,2,1,0,0,0,0,0,0,2,0,1,2,1,6,3,0,3,0,0,0,0,3,0,0,0,0,0,0,0,0,0.5847222222222223,0.41527777777777775
cassandra,org.apache.cassandra.net.CompactEndpointSerializationHelper,0.125,/Users/grano/PycharmProjects/jsep/projects/cassandra/sources/org/apache/cassandra/net/CompactEndpointSerializationHelper.java,class,1,5,1,0,6,3,3,3,3,0,0,0,1,44,cassandra,31,54,147.20671786825557,267.5266007608913,0.0,0.0,0.0,0.08917553358696377,0.13,28.0,50.0,0.23,0.64,1.0,cassandra,0,1,0,0,0,0,0,0,1,org.apache.cassandra.net.CompactEndpointSerializationHelper,0,0,0,0,0,0,0,0,0,0,0,2,0,1,0,4,2,1,0,0,0,1,0,1,0,0,4,3,0,3,0,0,0,0,3,0,2,0,0,0,1,0,0,0.482843137254902,0.357843137254902
cassandra,org.apache.cassandra.repair.RepairJobDesc,0.6,/Users/grano/PycharmProjects/jsep/projects/cassandra/sources/org/apache/cassandra/repair/RepairJobDesc.java,class,8,38,1,0,20,0,7,7,0,6,6,1,0,139,cassandra,81,363,472.7639251168272,2301.365551047119,17.88888888888889,41168.87263539846,2287.15959085547,0.7671218503490397,0.02,6.0,36.0,0.12,0.86,1.0,cassandra,0,0,1,0,0,0,0,0,2,org.apache.cassandra.repair.RepairJobDesc,0,0,0,0,0,0,0,0,6,0,0,5,0,13,1,14,0,6,0,1,0,3,4,1,1,0,14,12,0,2,0,0,0,0,3,0,2,0,0,0,1,0,0,0.21666666666666667,0.3833333333333333
cassandra,org.apache.cassandra.schema.SpeculativeRetryParam,1.0,/Users/grano/PycharmProjects/jsep/projects/cassandra/sources/org/apache/cassandra/schema/SpeculativeRetryParam.java,class,4,31,1,0,16,1,11,10,5,6,3,3,13,135,cassandra,79,253,460.63204548483236,1594.856529288807,13.014084507042256,20755.597648772644,1153.088758265147,0.531618843096269,0.0,34.0,40.0,0.46,0.54,1.0,cassandra,0,0,1,0,0,2,2,0,1,org.apache.cassandra.schema.SpeculativeRetryParam,0,0,0,0,5,2,0,0,7,0,0,8,0,8,0,6,1,1,0,0,0,9,0,1,4,0,15,16,0,9,0,0,1,0,3,4,0,0,0,2,0,0,0,0.5936213991769547,0.40637860082304533
cassandra,org.apache.cassandra.serializers.DurationSerializer,0.09090909090909093,/Users/grano/PycharmProjects/jsep/projects/cassandra/sources/org/apache/cassandra/serializers/DurationSerializer.java,class,7,17,1,0,11,10,5,5,0,1,1,1,2,96,cassandra,35,71,168.46500593882897,364.17909420309263,2.090909090909091,761.4653787882845,42.30363215490471,0.12139303140103087,0.09,15.0,21.0,0.33,0.58,1.0,cassandra,0,0,0,0,0,0,3,0,1,org.apache.cassandra.serializers.DurationSerializer,0,0,0,0,0,0,0,0,2,0,0,3,0,4,1,7,0,5,0,5,0,9,1,1,0,0,7,6,0,1,0,0,0,0,6,5,1,0,0,3,1,0,0,0.4666666666666667,0.37575757575757573
cassandra,org.apache.cassandra.serializers.UTF8Serializer,1.0,/Users/grano/PycharmProjects/jsep/projects/cassandra/sources/org/apache/cassandra/serializers/UTF8Serializer.java,class,4,48,2,0,4,3,3,1,1,1,1,1,1,151,cassandra,57,207,296.6075250475963,1207.4082329321013,13.0,15696.307028117319,872.017057117629,0.4024694109773672,0.09,15.0,21.0,0.33,0.58,1.0,cassandra,0,0,1,0,5,8,0,0,2,org.apache.cassandra.serializers.UTF8Serializer,0,0,0,0,0,8,1,0,1,0,0,2,0,19,0,2,0,1,0,0,0,2,1,1,1,0,3,13,0,3,0,0,1,0,4,1,1,0,0,0,1,0,1,0.5614718614718615,0.43852813852813854
cassandra,org.apache.cassandra.tools.BulkLoadConnectionFactory,0.1,/Users/grano/PycharmProjects/jsep/projects/cassandra/sources/org/apache/cassandra/tools/BulkLoadConnectionFactory.java,class,2,8,1,0,7,0,2,2,0,4,0,0,1,61,cassandra,45,118,227.65963218934144,648.0386653669018,5.2682926829268295,3414.057359006116,189.66985327811759,0.21601288845563385,0.05,2.0,66.0,0.02,0.97,1.0,cassandra,0,0,2,0,0,0,0,0,1,org.apache.cassandra.tools.BulkLoadConnectionFactory,0,0,0,0,0,2,0,0,4,0,0,3,0,4,1,9,0,3,0,0,0,0,1,1,4,0,3,3,0,0,0,0,0,0,3,0,1,0,0,0,0,0,0,0.4746989121989122,0.37469891219891216
cassandra,org.apache.cassandra.tools.nodetool.stats.StatsKeyspace,0.5,/Users/grano/PycharmProjects/jsep/projects/cassandra/sources/org/apache/cassandra/tools/nodetool/stats/StatsKeyspace.java,class,4,10,1,0,3,0,4,4,0,8,5,0,0,68,cassandra,51,132,269.06567602884894,748.7601451402375,4.9361702127659575,3696.007524947555,205.33375138597526,0.24958671504674584,0.11,1.0,14.0,0.04,0.93,1.0,cassandra,0,0,0,0,0,0,0,0,1,org.apache.cassandra.tools.nodetool.stats.StatsKeyspace,0,0,0,0,4,0,0,0,1,0,0,2,0,2,0,5,0,1,0,4,0,1,0,1,3,0,10,2,0,0,0,0,0,0,3,0,0,0,0,0,1,0,0,0.903846153846154,0.40384615384615397
cassandra,org.apache.cassandra.utils.CassandraVersion,0.0125,/Users/grano/PycharmProjects/jsep/projects/cassandra/sources/org/apache/cassandra/utils/CassandraVersion.java,class,1,63,1,0,24,15,10,7,3,9,3,4,16,203,cassandra,108,454,675.1759500778849,3066.718925982215,23.625,72451.23462632982,4025.068590351657,1.0222396419940716,0.15,72.0,78.0,0.33,0.52,1.0,cassandra,0,0,2,0,0,0,2,0,1,org.apache.cassandra.utils.CassandraVersion,0,0,0,0,0,3,0,0,9,0,0,5,0,24,1,5,1,10,0,0,0,4,11,1,9,0,11,27,0,7,0,0,0,0,5,3,0,0,0,2,0,0,0,0.6005456550436266,0.5880456550436266
cassandra,org.apache.cassandra.utils.EstimatedHistogram,0.813953488372093,/Users/grano/PycharmProjects/jsep/projects/cassandra/sources/org/apache/cassandra/utils/EstimatedHistogram.java,class,7,80,1,0,28,1,26,23,3,3,1,1,12,352,cassandra,131,663,857.1356411000647,4663.15945001933,31.82905982905983,148423.98112711098,8245.776729283943,1.5543864833397765,0.15,72.0,78.0,0.33,0.52,1.0,cassandra,0,3,4,0,0,0,0,0,2,org.apache.cassandra.utils.EstimatedHistogram,0,0,1,0,1,6,0,0,4,0,0,18,0,24,1,9,1,13,0,17,0,13,1,1,3,0,26,24,0,5,0,0,0,0,8,2,2,0,2,0,4,0,0,0.3600672980665787,0.4538861903055143
cassandra,org.apache.cassandra.utils.HistogramBuilder,0.975,/Users/grano/PycharmProjects/jsep/projects/cassandra/sources/org/apache/cassandra/utils/HistogramBuilder.java,class,2,33,1,0,9,7,6,5,1,4,2,2,9,141,cassandra,68,326,368.2314256438797,1984.5128862476108,26.25,52093.46326399979,2894.081292444433,0.6615042954158703,0.15,72.0,78.0,0.33,0.52,1.0,cassandra,0,0,1,0,0,0,0,0,2,org.apache.cassandra.utils.HistogramBuilder,0,0,1,0,4,3,0,0,13,0,0,7,0,12,0,1,0,4,0,7,0,12,0,1,2,0,8,6,0,3,0,0,0,0,3,1,0,0,0,0,1,0,0,0.33944444444444444,0.6355555555555555
cassandra,org.apache.cassandra.utils.IntegerInterval,0.0625,/Users/grano/PycharmProjects/jsep/projects/cassandra/sources/org/apache/cassandra/utils/IntegerInterval.java,class,3,48,1,0,18,44,21,17,3,4,0,2,25,197,cassandra,78,243,439.5596241826837,1527.3527391835266,19.107692307692307,29184.18618562984,1621.3436769794355,0.5091175797278421,0.15,72.0,78.0,0.33,0.52,1.0,cassandra,0,2,4,0,0,1,0,0,2,org.apache.cassandra.utils.IntegerInterval,0,0,0,1,0,1,0,0,0,0,0,4,0,18,0,5,0,19,0,5,0,3,0,1,6,0,19,19,0,6,0,0,0,1,0,2,0,0,2,0,2,2,1,0.509186507936508,0.446686507936508
cassandra,org.apache.cassandra.utils.LongTimSort,0.0049751243781094535,/Users/grano/PycharmProjects/jsep/projects/cassandra/sources/org/apache/cassandra/utils/LongTimSort.java,class,4,234,1,0,19,0,18,2,9,11,0,4,31,863,cassandra,102,345,624.4459916918437,2301.986742980165,18.06741573033708,41590.95149114727,2310.608416174848,0.7673289143267219,0.15,72.0,78.0,0.33,0.52,1.0,cassandra,0,32,1,12,0,3,0,0,2,org.apache.cassandra.utils.LongTimSort,0,2,1,8,0,16,1,0,10,0,0,29,0,112,0,1,0,88,1,5,0,11,0,2,27,0,5,9,1,15,0,0,0,0,23,5,1,0,2,2,11,0,20,0.5405669599217987,0.5355918355436893
cassandra,org.apache.cassandra.utils.MerkleTree,0.02083333333333334,/Users/grano/PycharmProjects/jsep/projects/cassandra/sources/org/apache/cassandra/utils/MerkleTree.java,class,30,206,20,0,83,2675,83,63,5,41,15,17,30,1008,cassandra,241,1751,1834.004639565396,13855.469227738664,41.28947368421053,572085.0320611043,31782.50178117246,4.618489742579555,0.15,72.0,78.0,0.33,0.52,1.0,cassandra,3,7,3,0,17,1,3,0,17,org.apache.cassandra.utils.MerkleTree,0,0,0,2,0,24,9,0,30,0,0,12,0,64,7,16,11,23,1,40,0,48,14,1,29,4,86,66,0,37,0,0,0,0,14,9,10,0,0,3,22,0,4,0.592184851286793,0.5713515179534596
cassandra,org.apache.cassandra.utils.OverlapIterator,0.25,/Users/grano/PycharmProjects/jsep/projects/cassandra/sources/org/apache/cassandra/utils/OverlapIterator.java,class,3,5,1,0,9,0,3,3,0,6,0,0,5,68,cassandra,39,86,184.58337707694838,454.5445908221534,4.529411764705882,2058.819617253283,114.3788676251824,0.15151486360738448,0.15,72.0,78.0,0.33,0.52,1.0,cassandra,0,0,0,0,0,0,0,0,2,org.apache.cassandra.utils.OverlapIterator,0,0,0,0,0,0,1,0,4,0,0,3,0,1,0,1,0,2,0,0,0,4,0,1,0,0,4,1,0,0,0,1,0,0,5,0,0,0,0,0,1,0,2,0.6319444444444444,0.3819444444444444
cassandra,org.apache.cassandra.utils.SyncUtil,0.07142857142857141,/Users/grano/PycharmProjects/jsep/projects/cassandra/sources/org/apache/cassandra/utils/SyncUtil.java,class,0,36,1,0,21,1,7,7,7,4,1,4,7,180,cassandra,90,253,545.319264378683,1642.4388333714078,10.926829268292684,17946.64871586319,997.0360397701774,0.5474796111238026,0.15,72.0,78.0,0.33,0.52,1.0,cassandra,0,0,3,0,0,0,6,0,1,org.apache.cassandra.utils.SyncUtil,0,0,0,0,0,4,0,0,3,1,0,4,0,12,0,8,0,2,0,0,0,6,1,1,3,0,9,2,0,12,0,0,0,0,3,6,5,0,0,7,6,0,0,0.4655092592592593,0.3940806878306879
cassandra,org.apache.cassandra.utils.btree.BTree,0.13028169014084506,/Users/grano/PycharmProjects/jsep/projects/cassandra/sources/org/apache/cassandra/utils/btree/BTree.java,class,27,315,1,0,97,3775,90,62,68,18,0,8,159,1138,cassandra,275,2463,2114.3164657112893,19958.397872118807,88.91666666666669,1774634.2107958982,98590.789488661,6.652799290706271,0.15,10.0,8.0,0.41,0.44,1.0,cassandra,0,9,23,0,0,0,0,0,4,org.apache.cassandra.utils.btree.BTree,0,0,0,0,0,15,18,2,10,1,0,34,0,106,1,13,2,109,2,4,0,25,10,1,16,1,67,114,0,88,0,22,0,0,19,4,0,0,2,1,8,0,9,0.4955535209781292,0.36527183083728415
cassandra,org.apache.cassandra.utils.btree.BTreeRemoval,0.008064516129032256,/Users/grano/PycharmProjects/jsep/projects/cassandra/sources/org/apache/cassandra/utils/btree/BTreeRemoval.java,class,2,98,1,0,28,78,13,1,13,0,0,0,102,324,cassandra,112,1122,698.7949046262793,7637.852222548631,63.43298969072165,484491.8012921828,26916.211182899042,2.545950740849544,0.15,10.0,8.0,0.41,0.44,1.0,cassandra,0,4,9,0,0,0,0,0,1,org.apache.cassandra.utils.btree.BTreeRemoval,0,0,0,0,0,10,0,0,76,0,0,6,0,34,0,2,0,46,0,0,0,12,4,1,12,0,2,18,0,13,0,1,0,0,3,0,0,0,0,0,0,0,2,0.42083357939619803,0.4127690632671658
cassandra,org.apache.cassandra.utils.memory.SlabPool,1.0,/Users/grano/PycharmProjects/jsep/projects/cassandra/sources/org/apache/cassandra/utils/memory/SlabPool.java,class,3,2,2,0,1,0,2,2,0,1,0,0,0,32,cassandra,21,31,82.71062275542812,136.16184010614157,1.5263157894736843,207.82596647779502,11.54588702654417,0.04538728003538052,0.15,11.0,23.0,0.17,0.68,1.0,cassandra,0,0,1,0,0,0,0,0,1,org.apache.cassandra.utils.memory.SlabPool,0,0,0,0,0,0,1,0,1,0,1,2,0,0,0,0,0,0,0,1,0,1,0,1,0,0,3,1,0,0,0,0,0,0,3,0,0,0,0,0,0,0,0,0.6111111111111109,0.38888888888888906
cassandra,org.apache.cassandra.utils.obs.OffHeapBitSet,0.14285714285714282,/Users/grano/PycharmProjects/jsep/projects/cassandra/sources/org/apache/cassandra/utils/obs/OffHeapBitSet.java,class,4,27,1,0,15,0,17,16,1,1,0,0,3,167,cassandra,119,420,740.4802306016444,2895.823460589337,32.857142857142854,95148.4851336496,5286.026951869422,0.965274486863112,0.25,1.0,6.0,0.11,0.86,1.0,cassandra,0,0,2,0,1,0,1,0,1,org.apache.cassandra.utils.obs.OffHeapBitSet,0,0,0,0,0,0,0,0,1,0,0,6,0,3,1,6,1,5,0,15,1,3,0,1,2,0,17,10,0,1,0,0,0,0,3,2,2,0,0,1,7,0,0,0.5678356833277046,0.4249785404705618
cassandra,org.apache.cassandra.utils.vint.VIntCoding,0.375,/Users/grano/PycharmProjects/jsep/projects/cassandra/sources/org/apache/cassandra/utils/vint/VIntCoding.java,class,4,19,1,0,15,76,13,13,12,1,0,1,14,172,cassandra,82,208,459.0586500259616,1322.3708169605616,23.625,31241.010550693267,1735.611697260737,0.4407902723201872,0.0,3.0,3.0,0.5,0.5,1.0,cassandra,0,0,0,0,4,0,0,0,1,org.apache.cassandra.utils.vint.VIntCoding,0,0,0,0,0,0,0,0,1,0,0,6,0,4,0,5,0,14,0,9,0,3,0,1,0,1,14,12,0,13,0,0,0,0,10,0,4,0,0,0,2,0,0,0.7357843137254902,0.36078431372549025
lang,org.apache.commons.lang3.ArchUtils,0.75,/Users/grano/PycharmProjects/jsep/projects/lang/sources/org/apache/commons/lang3/ArchUtils.java,class,1,15,1,0,13,53,11,2,11,1,0,1,15,118,lang,70,177,411.1828632628342,1084.8830939992592,2.5074626865671643,2720.30387749068,151.1279931939267,0.3616276979997531,0.04,10.0,16.0,0.35,0.62,1.0,lang,0,0,0,0,0,0,0,0,3,org.apache.commons.lang3.ArchUtils,0,0,0,0,0,3,0,0,10,0,0,5,0,1,0,3,0,0,0,0,0,8,0,1,10,0,3,2,0,13,0,0,0,0,3,1,2,0,0,0,9,0,0,0.3611111111111112,0.3888888888888888
lang,org.apache.commons.lang3.builder.ReflectionDiffBuilder,1.0,/Users/grano/PycharmProjects/jsep/projects/lang/sources/org/apache/commons/lang3/builder/ReflectionDiffBuilder.java,class,5,14,1,0,14,0,4,2,0,3,0,0,5,126,lang,56,124,300.9033329149832,720.1120103351428,4.588235294117646,3304.0433415377142,183.55796341876191,0.24003733677838104,0.18,5.0,8.0,0.21,0.62,1.0,lang,0,0,2,0,0,1,1,0,2,org.apache.commons.lang3.builder.ReflectionDiffBuilder,0,0,1,0,0,0,0,0,5,0,0,6,0,6,2,5,0,1,0,0,0,3,2,1,5,0,5,7,0,1,0,0,0,0,4,1,0,0,0,1,1,0,0,0.3438492063492064,0.6561507936507935
math,org.apache.commons.math3.analysis.FunctionUtils,1.0,/Users/grano/PycharmProjects/jsep/projects/math/sources/org/apache/commons/math3/analysis/FunctionUtils.java,class,22,117,1,0,19,1830,22,21,21,0,0,0,2,710,math,103,1313,627.03334137421,8779.375192191566,86.30681818181819,757719.9384624426,42095.55213680237,2.9264583973971887,0.34,26.0,5.0,0.5,0.16,1.0,math,0,0,0,0,0,2,0,0,1,org.apache.commons.math3.analysis.FunctionUtils,0,0,1,0,52,1,0,0,42,0,0,37,0,18,0,9,0,12,6,0,0,61,0,1,1,0,61,61,0,22,0,0,1,0,9,9,5,0,0,0,0,0,0,0.5272619047619047,0.4727380952380953
math,org.apache.commons.math3.analysis.differentiation.DerivativeStructure,0.014285714285714287,/Users/grano/PycharmProjects/jsep/projects/math/sources/org/apache/commons/math3/analysis/differentiation/DerivativeStructure.java,class,14,125,1,0,78,0,85,81,3,7,0,2,32,1045,math,182,1896,1288.2565456035895,14234.778637816731,82.4578313253012,1173768.9758700924,65209.387548338476,4.744926212605576,0.4,7.0,8.0,0.07,0.53,1.0,math,0,0,1,0,0,1,0,0,7,org.apache.commons.math3.analysis.differentiation.DerivativeStructure,0,0,0,17,47,5,1,0,136,0,0,24,0,45,2,10,1,25,0,7,0,66,0,1,12,0,85,87,0,6,0,0,0,0,8,3,28,1,1,0,0,0,0,0.6804173185966663,0.6661316043109521
math,org.apache.commons.math3.analysis.differentiation.SparseGradient,0.8330357142857144,/Users/grano/PycharmProjects/jsep/projects/math/sources/org/apache/commons/math3/analysis/differentiation/SparseGradient.java,class,7,154,1,0,76,0,75,73,5,3,0,1,86,733,math,190,1830,1355.677551682409,13852.835763245637,73.9884393063584,1024949.6980898505,56941.649893880574,4.617611921081878,0.4,7.0,8.0,0.07,0.53,1.0,math,0,0,1,0,0,0,0,0,3,org.apache.commons.math3.analysis.differentiation.SparseGradient,0,0,0,0,41,18,1,0,88,0,0,24,0,31,1,12,1,17,0,6,0,51,2,1,5,0,77,93,0,6,0,0,0,0,6,0,1,0,1,0,2,0,0,0.3235707919531449,0.5094649223325696
math,org.apache.commons.math3.analysis.function.Gaussian,0.14285714285714282,/Users/grano/PycharmProjects/jsep/projects/math/sources/org/apache/commons/math3/analysis/function/Gaussian.java,class,12,28,1,0,10,11,10,8,1,4,0,0,8,232,math,83,408,472.5508321391508,2601.0160879895457,33.867647058823536,88090.29486235182,4893.905270130656,0.8670053626631818,0.0,9.0,6.0,0.6,0.4,1.0,math,0,0,0,0,0,0,0,0,2,org.apache.commons.math3.analysis.function.Gaussian,0,0,0,0,27,2,0,0,16,0,0,7,0,19,2,12,0,0,0,0,0,7,0,1,6,0,10,6,0,2,0,0,0,0,3,4,6,0,0,0,1,0,0,0.6807396614559802,0.5378825185988374
math,org.apache.commons.math3.analysis.function.Logistic,1.0,/Users/grano/PycharmProjects/jsep/projects/math/sources/org/apache/commons/math3/analysis/function/Logistic.java,class,12,16,1,0,13,8,8,6,1,6,0,0,10,211,math,72,344,408.0,2122.4542004961554,18.375,39000.095934116864,2166.671996339825,0.7074847334987184,0.0,9.0,6.0,0.6,0.4,1.0,math,0,0,0,0,0,0,0,0,2,org.apache.commons.math3.analysis.function.Logistic,0,0,0,0,36,0,0,0,21,0,0,11,0,14,2,10,0,0,0,0,0,5,0,1,8,0,8,6,0,2,0,0,0,0,3,4,4,0,0,0,1,0,0,0.4311011904761905,0.5688988095238094
math,org.apache.commons.math3.analysis.function.Logit,0.25,/Users/grano/PycharmProjects/jsep/projects/math/sources/org/apache/commons/math3/analysis/function/Logit.java,class,12,23,1,0,9,16,9,7,1,2,0,0,6,192,math,63,296,332.3132424492002,1769.2748573559757,28.823529411764703,50996.74588849576,2833.152549360876,0.5897582857853252,0.0,9.0,6.0,0.6,0.4,1.0,math,0,0,0,0,0,0,0,0,2,org.apache.commons.math3.analysis.function.Logit,0,0,0,0,17,1,0,0,7,0,0,9,0,14,2,10,0,0,0,0,0,6,0,1,4,0,9,6,0,2,0,0,0,0,4,4,6,0,0,0,1,0,0,0.7055659983291562,0.45556599832915623
math,org.apache.commons.math3.analysis.function.Sinc,0.2307692307692308,/Users/grano/PycharmProjects/jsep/projects/math/sources/org/apache/commons/math3/analysis/function/Sinc.java,class,5,23,1,0,8,4,5,5,0,2,0,1,6,175,math,71,413,387.86861405323333,2539.845560355434,30.310344827586214,76983.59474318713,4276.866374621506,0.8466151867851447,0.0,9.0,6.0,0.6,0.4,1.0,math,0,0,1,0,0,0,0,0,1,org.apache.commons.math3.analysis.function.Sinc,0,0,0,0,15,4,0,0,12,0,0,10,0,6,1,7,0,2,0,0,0,2,0,1,2,0,6,4,0,1,0,0,0,0,6,0,1,0,0,0,0,0,0,0.9221801346801348,0.691410903910904
math,org.apache.commons.math3.analysis.integration.LegendreGaussIntegrator,0.15384615384615385,/Users/grano/PycharmProjects/jsep/projects/math/sources/org/apache/commons/math3/analysis/integration/LegendreGaussIntegrator.java,class,4,14,2,0,15,4,5,3,0,10,0,8,35,234,math,106,473,662.1900305964504,3182.306375008393,18.84210526315789,59961.351697526574,3331.186205418143,1.0607687916694644,0.22,0.0,7.0,0.22,1.0,1.0,math,0,0,0,0,0,4,0,0,1,org.apache.commons.math3.analysis.integration.LegendreGaussIntegrator,0,0,1,0,15,0,1,0,23,0,0,16,0,9,0,7,0,9,0,0,0,1,0,1,11,1,4,2,0,8,0,0,0,0,3,1,5,0,0,0,0,0,1,0.5693910256410257,0.4155448717948719
math,org.apache.commons.math3.analysis.integration.gauss.HermiteRuleFactory,1.0,/Users/grano/PycharmProjects/jsep/projects/math/sources/org/apache/commons/math3/analysis/integration/gauss/HermiteRuleFactory.java,class,2,16,2,0,5,0,1,0,0,3,0,3,8,163,math,78,402,439.5596241826837,2526.731691982624,25.661538461538463,64839.82249580026,3602.2123608777924,0.8422438973275413,0.14,1.0,7.0,0.02,0.88,1.0,math,0,0,1,0,0,0,0,0,1,org.apache.commons.math3.analysis.integration.gauss.HermiteRuleFactory,0,0,0,0,29,1,1,0,25,0,0,10,0,4,0,3,0,3,0,0,0,5,0,1,3,1,1,2,0,3,0,0,0,0,4,0,1,0,0,0,0,0,1,0.6111111111111109,0.38888888888888906
math,org.apache.commons.math3.analysis.integration.gauss.LegendreHighPrecisionRuleFactory,1.0,/Users/grano/PycharmProjects/jsep/projects/math/sources/org/apache/commons/math3/analysis/integration/gauss/LegendreHighPrecisionRuleFactory.java,class,2,18,2,0,12,1,3,2,0,4,0,0,0,192,math,84,582,484.73776182066666,3720.328740057238,39.46478873239437,146821.98774141382,8156.7770967452125,1.2401095800190791,0.14,1.0,7.0,0.02,0.88,1.0,math,0,0,1,0,0,0,0,0,1,org.apache.commons.math3.analysis.integration.gauss.LegendreHighPrecisionRuleFactory,0,0,0,0,0,1,1,0,19,0,0,11,0,4,0,4,0,2,0,0,0,18,0,1,4,1,3,2,0,0,0,0,0,0,5,0,1,0,0,0,0,0,1,0.2826937134502924,0.7173062865497075
math,org.apache.commons.math3.analysis.integration.gauss.SymmetricGaussIntegrator,0.3333333333333333,/Users/grano/PycharmProjects/jsep/projects/math/sources/org/apache/commons/math3/analysis/integration/gauss/SymmetricGaussIntegrator.java,class,4,8,2,0,6,3,3,3,0,0,0,0,0,90,math,52,153,259.6966127055816,872.1672768755873,14.166666666666668,12355.703089070821,686.4279493928233,0.2907224256251957,0.14,1.0,7.0,0.02,0.88,1.0,math,0,0,0,0,0,0,0,0,1,org.apache.commons.math3.analysis.integration.gauss.SymmetricGaussIntegrator,0,0,0,0,12,0,1,0,11,0,0,3,0,5,1,4,0,2,0,0,0,0,0,1,0,0,4,2,0,0,0,0,0,0,3,0,2,0,0,0,0,0,0,0.6972222222222223,0.363888888888889
math,org.apache.commons.math3.analysis.interpolation.LoessInterpolator,0.30769230769230765,/Users/grano/PycharmProjects/jsep/projects/math/sources/org/apache/commons/math3/analysis/interpolation/LoessInterpolator.java,class,15,49,1,0,14,33,10,6,4,7,3,4,19,429,math,122,667,779.9403264790504,4622.801804154446,34.21495327102804,158168.94771036846,8787.163761687138,1.5409339347181483,0.1,1.0,15.0,0.04,0.94,1.0,math,0,0,0,0,0,0,0,0,2,org.apache.commons.math3.analysis.interpolation.LoessInterpolator,0,0,4,0,30,3,0,0,47,0,0,20,0,35,2,14,0,17,0,1,0,18,0,1,8,0,10,8,0,8,0,0,0,0,10,6,4,0,0,0,2,0,0,0.7517676767676771,0.44407536907536943
math,org.apache.commons.math3.analysis.interpolation.MicrosphereInterpolatingFunction,0.7000000000000001,/Users/grano/PycharmProjects/jsep/projects/math/sources/org/apache/commons/math3/analysis/interpolation/MicrosphereInterpolatingFunction.java,class,12,33,1,0,18,18,9,2,0,7,0,0,3,225,math,85,337,497.55329686155267,2159.9647454784063,19.864864864864863,42907.407781800764,2383.744876766709,0.719988248492802,0.1,1.0,15.0,0.04,0.94,1.0,math,0,0,0,0,0,0,0,0,2,org.apache.commons.math3.analysis.interpolation.MicrosphereInterpolatingFunction,0,0,0,1,11,0,0,0,14,0,0,13,0,13,2,12,0,3,0,0,0,10,1,1,9,0,3,6,0,1,0,0,0,0,3,6,2,0,0,0,2,0,0,0.2766203703703704,0.42337962962962966
math,org.apache.commons.math3.analysis.interpolation.SmoothingPolynomialBicubicSplineInterpolator,0.96875,/Users/grano/PycharmProjects/jsep/projects/math/sources/org/apache/commons/math3/analysis/interpolation/SmoothingPolynomialBicubicSplineInterpolator.java,class,13,23,2,0,6,4,4,4,0,4,0,0,2,154,math,71,356,400.5686351804948,2189.309974543667,18.920634920634924,41423.13475644527,2301.285264246959,0.7297699915145557,0.1,1.0,15.0,0.04,0.94,1.0,math,0,0,0,0,0,0,0,0,1,org.apache.commons.math3.analysis.interpolation.SmoothingPolynomialBicubicSplineInterpolator,0,0,0,0,1,0,1,0,16,0,0,17,0,7,0,11,0,5,0,0,0,14,0,1,4,0,5,1,0,0,0,0,0,0,3,5,3,0,0,0,0,0,0,0.5155573593073594,0.45319264069264065
math,org.apache.commons.math3.analysis.interpolation.UnivariatePeriodicInterpolator,1.0,/Users/grano/PycharmProjects/jsep/projects/math/sources/org/apache/commons/math3/analysis/interpolation/UnivariatePeriodicInterpolator.java,class,6,8,1,0,5,0,3,3,0,4,1,1,6,112,math,45,213,221.64046153995466,1169.7647095182208,13.769230769230768,16106.760231058577,894.8200128365877,0.38992156983940696,0.1,1.0,15.0,0.04,0.94,1.0,math,0,0,0,0,0,0,0,0,2,org.apache.commons.math3.analysis.interpolation.UnivariatePeriodicInterpolator,0,0,0,0,6,0,0,0,10,0,0,5,0,2,1,6,0,6,0,0,0,4,0,1,3,0,6,2,0,1,0,0,0,0,3,1,2,0,0,0,0,0,0,0.4569895940832474,0.5430104059167526
math,org.apache.commons.math3.analysis.solvers.BracketingNthOrderBrentSolver,0.09090909090909093,/Users/grano/PycharmProjects/jsep/projects/math/sources/org/apache/commons/math3/analysis/solvers/BracketingNthOrderBrentSolver.java,class,11,60,3,0,16,0,9,7,0,6,0,4,21,355,math,116,753,723.3002147492523,5164.059689331061,53.724489795918366,277436.47208498,15413.137338054443,1.7213532297770204,0.38,8.0,8.0,0.12,0.5,1.0,math,0,0,0,0,0,5,0,0,2,org.apache.commons.math3.analysis.solvers.BracketingNthOrderBrentSolver,0,0,2,2,33,7,1,0,27,0,0,15,0,27,2,8,0,18,0,0,0,9,0,1,7,1,8,16,0,4,0,0,1,0,7,5,6,0,0,4,0,0,2,0.4374514374514375,0.34654234654234656
math,org.apache.commons.math3.analysis.solvers.UnivariateSolverUtils,0.16176470588235298,/Users/grano/PycharmProjects/jsep/projects/math/sources/org/apache/commons/math3/analysis/solvers/UnivariateSolverUtils.java,class,14,57,1,0,12,78,13,12,12,0,0,0,15,433,math,104,555,637.5697475784773,3718.744043568306,35.62222222222222,132469.92670755542,7359.440372641968,1.239581347856102,0.38,8.0,8.0,0.12,0.5,1.0,math,0,0,4,0,0,0,0,0,1,org.apache.commons.math3.analysis.solvers.UnivariateSolverUtils,0,0,2,0,53,6,0,0,30,0,0,14,0,43,0,7,0,4,0,0,0,17,0,1,1,0,13,13,0,13,0,0,0,0,14,12,10,0,0,1,3,0,1,0.5452705627705628,0.3835058568882099
math,org.apache.commons.math3.dfp.BracketingNthOrderBrentSolverDFP,0.030303030303030307,/Users/grano/PycharmProjects/jsep/projects/math/sources/org/apache/commons/math3/dfp/BracketingNthOrderBrentSolverDFP.java,class,11,59,1,0,25,21,10,9,0,6,0,1,7,375,math,120,710,763.5991382890708,4903.892322882049,39.6,194194.13598612914,10788.563110340509,1.6346307742940165,0.1,0.0,6.0,0.1,1.0,1.0,math,0,0,0,0,0,7,0,0,2,org.apache.commons.math3.dfp.BracketingNthOrderBrentSolverDFP,0,0,1,4,0,7,0,0,28,0,0,20,0,28,1,7,0,17,0,0,0,8,0,1,7,0,10,20,0,1,0,0,1,0,7,3,3,0,0,4,0,0,2,0.4395554812834224,0.4092524509803921
math,org.apache.commons.math3.distribution.EnumeratedIntegerDistribution,0.9583333333333334,/Users/grano/PycharmProjects/jsep/projects/math/sources/org/apache/commons/math3/distribution/EnumeratedIntegerDistribution.java,class,9,24,2,0,6,0,10,10,0,2,0,1,0,192,math,65,268,351.1940651927298,1613.9945738916254,21.545454545454547,34774.2467283923,1931.9025960217944,0.5379981912972086,0.15,8.0,14.0,0.22,0.64,1.0,math,0,0,1,0,0,1,0,0,1,org.apache.commons.math3.distribution.EnumeratedIntegerDistribution,0,0,0,1,8,0,1,0,6,0,0,10,0,12,0,10,0,7,0,1,0,3,0,1,1,1,11,8,0,1,0,0,0,0,5,1,2,0,0,0,0,0,0,0.4849691241643857,0.47336420916894767
math,org.apache.commons.math3.distribution.KolmogorovSmirnovDistribution,0.25,/Users/grano/PycharmProjects/jsep/projects/math/sources/org/apache/commons/math3/distribution/KolmogorovSmirnovDistribution.java,class,12,40,1,0,19,1,7,4,0,2,0,1,0,307,math,101,567,616.5356987759162,3775.205910720268,30.47727272727273,115057.98014263365,6392.11000792409,1.2584019702400893,0.15,8.0,14.0,0.22,0.64,1.0,math,0,0,1,0,0,0,2,0,1,org.apache.commons.math3.distribution.KolmogorovSmirnovDistribution,0,0,0,0,13,5,0,0,13,0,0,29,0,20,1,14,0,6,0,1,0,9,0,1,5,0,5,10,0,1,0,0,0,0,5,2,7,0,0,2,0,0,0,0.8961725550435227,0.6461725550435227
math,org.apache.commons.math3.distribution.PascalDistribution,1.0,/Users/grano/PycharmProjects/jsep/projects/math/sources/org/apache/commons/math3/distribution/PascalDistribution.java,class,7,22,2,0,8,40,12,12,0,5,0,1,1,232,math,66,239,361.0040558203711,1444.6101945266705,13.754385964912279,19869.726184366835,1103.8736769092686,0.4815367315088901,0.15,8.0,14.0,0.22,0.64,1.0,math,0,0,1,0,0,2,0,0,2,org.apache.commons.math3.distribution.PascalDistribution,0,0,0,0,18,3,1,0,9,0,0,10,0,9,0,8,0,5,0,1,0,2,0,1,5,0,13,10,0,1,0,0,0,0,8,2,2,0,0,0,0,0,0,0.6307216030620286,0.3692783969379714
math,org.apache.commons.math3.fraction.BigFractionFormat,0.9523809523809524,/Users/grano/PycharmProjects/jsep/projects/math/sources/org/apache/commons/math3/fraction/BigFractionFormat.java,class,6,31,4,1,29,91,14,13,6,1,0,1,12,253,math,94,316,580.1875685932426,2071.2500771301334,10.103448275862073,20926.768020659623,1162.598223369979,0.6904166923767111,0.07,7.0,9.0,0.37,0.56,1.0,math,0,0,0,0,0,2,1,1,1,org.apache.commons.math3.fraction.BigFractionFormat,0,1,9,0,0,3,1,0,17,0,0,15,0,11,1,9,3,4,0,1,0,8,1,1,1,1,14,17,0,8,0,0,1,0,3,2,1,0,0,1,0,0,0,0.596004434162329,0.3563765182186235
math,org.apache.commons.math3.fraction.ProperFractionFormat,0.8947368421052632,/Users/grano/PycharmProjects/jsep/projects/math/sources/org/apache/commons/math3/fraction/ProperFractionFormat.java,class,3,25,5,0,23,15,7,7,0,2,0,1,5,204,math,77,282,445.4881875176938,1767.2338044759624,14.666666666666664,25919.429132314115,1439.968285128562,0.5890779348253208,0.07,7.0,9.0,0.37,0.56,1.0,math,0,0,0,0,0,2,0,1,1,org.apache.commons.math3.fraction.ProperFractionFormat,0,1,2,0,0,0,1,0,1,0,0,11,0,10,0,7,0,8,0,1,0,4,0,1,2,0,8,12,0,1,0,0,1,0,3,1,0,0,0,1,1,0,0,0.4274574448185559,0.46727939728670725
math,org.apache.commons.math3.genetics.ElitisticListPopulation,1.0,/Users/grano/PycharmProjects/jsep/projects/math/sources/org/apache/commons/math3/genetics/ElitisticListPopulation.java,class,6,8,2,0,9,0,5,5,0,1,0,0,1,103,math,48,137,239.3111166437447,765.1398625987987,9.073170731707318,6942.244606993977,385.68025594410966,0.25504662086626617,0.44,0.0,7.0,0.44,1.0,1.0,math,0,0,0,0,0,0,0,0,1,org.apache.commons.math3.genetics.ElitisticListPopulation,0,0,0,0,5,0,1,0,4,0,0,4,0,8,0,8,0,3,0,0,0,5,0,1,1,0,6,2,0,0,0,0,0,0,3,1,3,0,0,0,1,0,0,0.3430555555555556,0.6569444444444443
math,org.apache.commons.math3.geometry.euclidean.oned.IntervalsSet,0.8152173913043478,/Users/grano/PycharmProjects/jsep/projects/math/sources/org/apache/commons/math3/geometry/euclidean/oned/IntervalsSet.java,class,16,111,2,0,36,598,36,18,1,3,0,1,6,593,math,136,886,898.8529240914786,6279.492077347802,44.81147540983607,281393.30481033144,15632.961378351749,2.0931640257826003,0.0,2.0,9.0,0.18,0.82,1.0,math,0,0,6,0,0,0,0,0,3,org.apache.commons.math3.geometry.euclidean.oned.IntervalsSet,0,0,0,2,26,14,1,2,23,0,0,18,0,46,2,11,0,0,0,0,0,33,8,1,21,1,19,43,0,2,0,0,0,0,6,2,0,0,5,0,3,0,10,0.2898759736995031,0.5253414176048448
math,org.apache.commons.math3.geometry.euclidean.twod.hull.AklToussaintHeuristic,0.04545454545454546,/Users/grano/PycharmProjects/jsep/projects/math/sources/org/apache/commons/math3/geometry/euclidean/twod/hull/AklToussaintHeuristic.java,class,1,31,1,0,10,6,4,1,3,0,0,0,2,135,math,56,241,289.59500104182973,1399.5725362158828,16.680851063829788,23346.061029643657,1297.003390535759,0.4665241787386276,0.33,0.0,10.0,0.33,1.0,1.0,math,0,0,1,0,0,1,0,0,1,org.apache.commons.math3.geometry.euclidean.twod.hull.AklToussaintHeuristic,0,0,0,2,1,0,0,0,6,0,0,8,0,16,0,4,0,2,0,0,0,2,4,1,3,0,2,8,0,3,0,0,0,0,5,0,0,0,0,0,0,0,0,0.4734126984126985,0.42795815295815304
math,org.apache.commons.math3.geometry.euclidean.twod.hull.MonotoneChain,0.03125,/Users/grano/PycharmProjects/jsep/projects/math/sources/org/apache/commons/math3/geometry/euclidean/twod/hull/MonotoneChain.java,class,3,30,2,0,16,15,5,4,0,0,0,0,1,158,math,74,321,412.17972125264015,1993.2345303668933,26.41935483870968,52659.9703345318,2925.553907473989,0.6644115101222977,0.33,0.0,10.0,0.33,1.0,1.0,math,0,0,2,0,0,0,0,0,1,org.apache.commons.math3.geometry.euclidean.twod.hull.MonotoneChain,0,0,0,1,6,4,1,0,19,0,0,6,0,11,0,9,0,4,0,0,0,9,0,1,1,0,6,3,0,0,0,0,0,0,3,0,0,0,0,0,1,0,1,0.495138888888889,0.463888888888889
math,org.apache.commons.math3.geometry.partitioning.utilities.AVLTree,0.16666666666666669,/Users/grano/PycharmProjects/jsep/projects/math/sources/org/apache/commons/math3/geometry/partitioning/utilities/AVLTree.java,class,3,128,1,0,14,0,24,13,0,6,0,0,0,574,math,62,909,337.6262686982595,5412.364446141672,39.92727272727272,216100.95134049281,12005.608407805155,1.804121482047224,0.0,0.0,3.0,0.0,1.0,1.0,math,0,0,8,0,0,18,0,0,9,org.apache.commons.math3.geometry.partitioning.utilities.AVLTree,0,0,0,1,0,13,1,0,11,0,0,13,0,54,2,0,0,2,1,0,0,3,10,1,13,0,16,43,0,1,0,0,7,0,15,0,0,0,7,0,4,0,4,0.6641666666666667,0.4975
math,org.apache.commons.math3.linear.DefaultIterativeLinearSolverEvent,0.5,/Users/grano/PycharmProjects/jsep/projects/math/sources/org/apache/commons/math3/linear/DefaultIterativeLinearSolverEvent.java,class,4,9,3,0,0,0,7,7,0,5,0,1,0,129,math,28,95,124.21143267166842,456.69871759547243,3.2307692307692317,1475.4881645392184,81.97156469662325,0.15223290586515745,0.22,26.0,13.0,0.45,0.33,1.0,math,1,0,1,0,0,0,0,0,2,org.apache.commons.math3.linear.DefaultIterativeLinearSolverEvent,0,0,1,2,4,0,1,0,14,0,0,3,0,4,0,1,0,2,0,1,0,3,0,1,5,0,8,5,0,1,0,0,0,0,8,1,3,0,0,0,0,0,1,0.875,0.375
math,org.apache.commons.math3.linear.RealVectorFormat,0.3636363636363637,/Users/grano/PycharmProjects/jsep/projects/math/sources/org/apache/commons/math3/linear/RealVectorFormat.java,class,6,34,1,0,26,51,15,15,3,10,0,3,15,256,math,90,332,548.779757256198,2155.295227981452,10.843373493975903,23370.67114678683,1298.3706192659351,0.718431742660484,0.22,26.0,13.0,0.45,0.33,1.0,math,0,0,0,0,0,0,0,0,1,org.apache.commons.math3.linear.RealVectorFormat,0,0,16,0,0,1,0,0,17,0,0,15,0,12,0,8,0,1,0,0,0,8,0,1,10,0,16,14,0,6,0,0,0,0,3,1,0,0,0,0,0,0,0,0.7076388888888889,0.3440025252525252
math,org.apache.commons.math3.ml.neuralnet.sofm.util.QuasiSigmoidDecayFunction,1.0,/Users/grano/PycharmProjects/jsep/projects/math/sources/org/apache/commons/math3/ml/neuralnet/sofm/util/QuasiSigmoidDecayFunction.java,class,6,8,1,0,1,0,2,2,0,2,0,0,0,80,math,37,100,171.60964047443682,520.945336562895,5.25,2734.963016955199,151.94238983084438,0.173648445520965,0.0,1.0,4.0,0.2,0.8,1.0,math,0,0,0,0,0,0,0,0,1,org.apache.commons.math3.ml.neuralnet.sofm.util.QuasiSigmoidDecayFunction,0,0,0,0,10,0,0,0,9,0,0,2,0,6,0,3,0,0,0,1,0,4,0,1,2,0,3,1,0,0,0,0,0,0,3,3,0,0,0,0,0,0,0,0.6011904761904762,0.39880952380952384
math,org.apache.commons.math3.ml.neuralnet.twod.NeuronSquareMesh2D,0.09243697478991596,/Users/grano/PycharmProjects/jsep/projects/math/sources/org/apache/commons/math3/ml/neuralnet/twod/NeuronSquareMesh2D.java,class,14,105,1,0,9,0,11,5,0,13,0,2,0,402,math,87,698,515.7618445823812,4497.174560102413,36.688311688311686,164993.74197778336,9166.318998765742,1.4990581867008044,0.0,1.0,5.0,0.17,0.83,1.0,math,0,0,8,0,0,2,0,0,3,org.apache.commons.math3.ml.neuralnet.twod.NeuronSquareMesh2D,0,0,0,0,0,7,0,0,22,0,0,15,0,44,2,11,0,10,0,2,0,17,0,1,18,0,6,6,0,3,0,0,1,0,8,8,0,0,0,0,2,0,0,0.5228834541062802,0.43044647931636426
math,org.apache.commons.math3.ode.events.EventState,0.05882352941176471,/Users/grano/PycharmProjects/jsep/projects/math/sources/org/apache/commons/math3/ode/events/EventState.java,class,11,45,4,0,26,34,15,14,0,17,0,1,2,353,math,140,654,926.3203424879728,4662.551093082008,34.90322580645161,162738.07363595915,9041.00409088662,1.5541836976940029,0.19,2.0,8.0,0.01,0.8,1.0,math,0,0,7,0,0,3,2,0,4,org.apache.commons.math3.ode.events.EventState,0,0,0,2,26,5,1,0,27,0,0,16,0,19,0,12,1,6,0,1,0,4,0,1,19,0,16,15,0,2,0,0,0,0,6,2,5,0,3,2,3,0,1,0.4328886693017128,0.3740651398899481
math,org.apache.commons.math3.ode.nonstiff.AdamsNordsieckTransformer,1.0,/Users/grano/PycharmProjects/jsep/projects/math/sources/org/apache/commons/math3/ode/nonstiff/AdamsNordsieckTransformer.java,class,15,18,1,0,12,7,7,5,1,3,0,1,2,309,math,103,501,635.2288622667352,3349.936764118793,26.373626373626376,88349.98059214398,4908.33225511911,1.1166455880395971,0.17,1.0,12.0,0.1,0.92,1.0,math,0,0,0,0,0,2,0,0,3,org.apache.commons.math3.ode.nonstiff.AdamsNordsieckTransformer,0,0,0,1,6,0,0,0,26,0,0,28,0,1,0,13,0,6,0,0,0,13,0,1,5,0,6,5,0,2,0,0,0,0,6,0,0,0,0,0,1,0,0,0.3456492206492207,0.6543507793507792
math,org.apache.commons.math3.ode.sampling.NordsieckStepInterpolator,0.13157894736842105,/Users/grano/PycharmProjects/jsep/projects/math/sources/org/apache/commons/math3/ode/sampling/NordsieckStepInterpolator.java,class,7,36,2,0,16,1,10,8,0,6,0,1,2,248,math,106,443,653.4706688660516,2980.4687613714973,26.706521739130434,79597.95376836704,4422.108542687058,0.9934895871238324,0.36,3.0,7.0,0.06,0.7,1.0,math,0,0,3,0,0,0,0,0,4,org.apache.commons.math3.ode.sampling.NordsieckStepInterpolator,0,0,0,0,14,5,1,0,23,0,0,15,0,11,1,8,0,3,0,1,0,7,0,1,5,3,9,2,0,1,0,0,0,0,5,0,3,0,0,0,6,0,0,0.5063566827697262,0.3747777354013052
math,org.apache.commons.math3.optim.nonlinear.scalar.gradient.NonLinearConjugateGradientOptimizer,0.0606060606060606,/Users/grano/PycharmProjects/jsep/projects/math/sources/org/apache/commons/math3/optim/nonlinear/scalar/gradient/NonLinearConjugateGradientOptimizer.java,class,15,32,5,0,19,34,12,9,0,4,0,0,0,379,math,101,460,616.5356987759162,3062.777282065825,26.18181818181818,80189.07793045072,4454.948773913929,1.0209257606886086,0.17,0.0,7.0,0.17,1.0,1.0,math,0,0,0,0,0,2,0,0,11,org.apache.commons.math3.optim.nonlinear.scalar.gradient.NonLinearConjugateGradientOptimizer,0,0,3,0,16,1,1,0,21,0,0,26,0,8,3,11,0,1,0,0,0,10,2,1,8,2,15,5,0,3,0,0,1,0,5,3,1,0,0,0,2,0,1,0.6586080586080586,0.598001998001998
math,org.apache.commons.math3.optimization.LeastSquaresConverter,0.11111111111111112,/Users/grano/PycharmProjects/jsep/projects/math/sources/org/apache/commons/math3/optimization/LeastSquaresConverter.java,class,6,18,1,0,5,0,4,4,0,4,0,0,0,168,math,39,191,179.65148445440326,1009.5118238026897,14.8125,14953.393890077336,830.7441050042966,0.3365039412675632,0.35,5.0,9.0,0.0,0.64,1.0,math,0,0,0,0,0,0,0,0,6,org.apache.commons.math3.optimization.LeastSquaresConverter,0,0,0,3,5,2,0,0,11,0,0,13,0,7,2,4,0,0,1,0,0,3,0,1,4,0,5,1,0,0,0,0,0,0,6,3,0,0,0,0,0,0,2,0.5279674369747899,0.41685632586367877
math,org.apache.commons.math3.optimization.Weight,0.5,/Users/grano/PycharmProjects/jsep/projects/math/sources/org/apache/commons/math3/optimization/Weight.java,class,5,5,1,0,3,0,3,3,0,1,0,0,0,61,math,20,55,77.05865002596161,237.7060452188049,2.888888888888889,686.7063528543254,38.150352936351396,0.07923534840626832,0.35,5.0,9.0,0.0,0.64,1.0,math,0,0,0,0,0,0,0,0,1,org.apache.commons.math3.optimization.Weight,0,0,0,0,0,0,0,0,1,0,0,2,0,2,1,3,0,0,0,0,0,2,0,1,1,0,4,1,0,0,0,0,0,0,3,1,0,0,0,0,0,0,0,1.0,0.5
math,org.apache.commons.math3.optimization.direct.BOBYQAOptimizer,0.049679487179487176,/Users/grano/PycharmProjects/jsep/projects/math/sources/org/apache/commons/math3/optimization/direct/BOBYQAOptimizer.java,class,15,487,6,0,35,7,14,2,3,39,3,17,99,2273,math,355,6973,2904.714461284248,59072.99126995573,137.13649851632047,8101063.179646896,450059.06553593866,19.690997089985245,0.19,1.0,11.0,0.11,0.92,1.0,math,0,0,1,0,0,20,0,0,2,org.apache.commons.math3.optimization.direct.BOBYQAOptimizer,0,0,0,2,227,33,2,0,201,0,0,170,0,194,1,12,0,66,0,1,0,64,0,1,47,1,6,8,1,21,0,0,2,0,11,13,0,0,0,0,5,0,3,0.5641361022993125,0.5144566151198253
math,org.apache.commons.math3.optimization.direct.PowellOptimizer,0.1875,/Users/grano/PycharmProjects/jsep/projects/math/sources/org/apache/commons/math3/optimization/direct/PowellOptimizer.java,class,17,33,4,0,19,30,8,5,0,7,0,3,6,320,math,118,607,750.1486995954799,4177.764330962638,32.778846153846146,136942.29427165035,7607.9052373139075,1.3925881103208797,0.19,1.0,11.0,0.11,0.92,1.0,math,0,0,1,0,0,0,0,0,3,org.apache.commons.math3.optimization.direct.PowellOptimizer,0,0,6,0,24,1,2,0,32,0,0,16,0,17,1,14,0,6,0,0,0,19,0,1,9,1,7,5,0,3,0,0,0,0,6,2,0,0,0,0,0,0,1,0.5611097424105554,0.37360974241055545
math,org.apache.commons.math3.optimization.univariate.BracketFinder,0.10869565217391304,/Users/grano/PycharmProjects/jsep/projects/math/sources/org/apache/commons/math3/optimization/univariate/BracketFinder.java,class,7,40,1,0,9,34,12,11,0,10,0,2,1,262,math,84,450,492.718830005416,2876.5428402504413,22.5,64722.21390563494,3595.6785503130523,0.958847613416814,0.33,1.0,9.0,0.23,0.9,1.0,math,0,0,1,0,0,0,1,0,1,org.apache.commons.math3.optimization.univariate.BracketFinder,0,0,1,0,32,4,0,0,5,0,0,5,0,12,0,7,0,3,0,0,0,5,0,1,11,0,12,9,0,2,0,0,0,0,3,3,0,0,0,1,1,0,1,0.7463235294117648,0.6376278772378517
math,org.apache.commons.math3.optimization.univariate.BrentOptimizer,0.054054054054054064,/Users/grano/PycharmProjects/jsep/projects/math/sources/org/apache/commons/math3/optimization/univariate/BrentOptimizer.java,class,7,57,2,0,13,4,4,2,0,4,0,2,11,291,math,89,569,518.1029079906701,3684.6923222198798,38.310810810810814,141163.55045261295,7842.4194695896085,1.2282307740732934,0.33,1.0,9.0,0.23,0.9,1.0,math,0,0,3,0,0,0,0,0,2,org.apache.commons.math3.optimization.univariate.BrentOptimizer,0,0,0,0,27,15,1,0,13,0,0,5,0,30,1,6,0,1,0,0,0,4,1,1,5,1,3,6,0,2,0,0,0,0,4,2,0,0,0,0,0,0,1,0.5596813725490196,0.5056273184949656
math,org.apache.commons.math3.random.RandomGeneratorFactory,1.0,/Users/grano/PycharmProjects/jsep/projects/math/sources/org/apache/commons/math3/random/RandomGeneratorFactory.java,class,5,17,1,0,10,91,3,2,2,0,0,0,1,105,math,36,88,168.0,454.9534001269235,5.125,2331.636175650483,129.5353430916935,0.15165113337564118,0.22,16.0,12.0,0.35,0.43,1.0,math,0,0,1,0,0,0,0,0,1,org.apache.commons.math3.random.RandomGeneratorFactory,0,0,0,0,2,0,0,0,1,0,1,4,0,1,0,2,0,2,0,4,0,2,0,1,1,0,14,9,0,3,0,0,0,0,3,1,0,0,0,0,4,0,0,0.38370726495726504,0.616292735042735
math,org.apache.commons.math3.random.SobolSequenceGenerator,0.8333333333333334,/Users/grano/PycharmProjects/jsep/projects/math/sources/org/apache/commons/math3/random/SobolSequenceGenerator.java,class,8,40,1,0,13,0,7,5,0,9,0,5,6,289,math,107,517,646.9746460365867,3485.338431969393,45.63218390804597,159043.60430940788,8835.755794967106,1.161779477323131,0.22,16.0,12.0,0.35,0.43,1.0,math,0,0,0,0,0,0,5,0,1,org.apache.commons.math3.random.SobolSequenceGenerator,0,0,0,0,1,1,0,0,23,2,0,17,0,17,1,14,0,21,0,4,0,18,0,1,11,0,6,6,0,5,0,0,0,0,3,8,4,0,0,4,1,0,3,0.16583517925568753,0.6674981540776459
math,org.apache.commons.math3.random.StableRandomGenerator,0.04166666666666667,/Users/grano/PycharmProjects/jsep/projects/math/sources/org/apache/commons/math3/random/StableRandomGenerator.java,class,4,20,1,0,8,0,2,2,0,4,0,0,0,121,math,60,292,307.38681888742906,1724.8120539176873,32.26086956521739,55643.93669595322,3091.3298164418457,0.5749373513058958,0.22,16.0,12.0,0.35,0.43,1.0,math,0,0,0,0,0,2,0,0,2,org.apache.commons.math3.random.StableRandomGenerator,0,0,0,0,13,4,0,0,6,0,0,2,0,11,1,4,0,0,0,0,0,4,1,1,4,0,3,2,0,0,0,0,0,0,3,3,1,0,0,0,0,0,0,0.4898504273504273,0.4481837606837606
math,org.apache.commons.math3.special.Gamma,0.9777777777777776,/Users/grano/PycharmProjects/jsep/projects/math/sources/org/apache/commons/math3/special/Gamma.java,class,8,74,1,0,19,85,12,11,11,44,2,44,22,625,math,202,1242,1462.7924384967735,9511.498661577729,35.156756756756764,334393.4448373057,18577.413602072545,3.170499553859244,0.0,1.0,5.0,0.17,0.83,1.0,math,0,0,0,0,0,0,0,0,2,org.apache.commons.math3.special.Gamma,0,0,0,0,102,18,0,0,52,0,0,16,0,36,0,5,0,3,0,0,0,6,0,1,43,2,15,21,0,55,0,0,0,0,8,5,1,0,0,0,0,0,3,0.6015459472776546,0.376231830500123
math,org.apache.commons.math3.stat.StatUtils,0.93,/Users/grano/PycharmProjects/jsep/projects/math/sources/org/apache/commons/math3/stat/StatUtils.java,class,24,58,1,0,22,531,34,32,33,10,0,10,7,831,math,116,689,739.8652806953273,4725.148905642896,35.653846153846146,168469.73213580638,9359.429563100357,1.5750496352142989,0.0,2.0,11.0,0.15,0.85,1.0,math,0,0,0,0,0,0,0,0,1,org.apache.commons.math3.stat.StatUtils,0,0,0,3,44,0,0,0,51,0,0,34,0,124,0,20,0,33,0,0,0,26,36,1,12,0,33,33,0,44,0,0,0,0,5,8,30,0,0,0,0,0,0,0.6031339031339029,0.32686609686609713
math,org.apache.commons.math3.stat.correlation.KendallsCorrelation,1.0,/Users/grano/PycharmProjects/jsep/projects/math/sources/org/apache/commons/math3/stat/correlation/KendallsCorrelation.java,class,9,32,1,0,14,30,8,7,1,1,0,0,9,250,math,90,515,533.2809230799093,3343.3043446097827,31.153846153846153,104156.7891974586,5786.4882887477015,1.1144347815365945,0.0,1.0,10.0,0.09,0.91,1.0,math,0,0,0,0,0,0,0,0,1,org.apache.commons.math3.stat.correlation.KendallsCorrelation,0,0,0,1,3,6,0,0,11,0,0,16,0,11,0,8,0,10,0,9,0,6,0,1,2,0,9,6,0,1,0,0,0,0,3,1,1,0,0,0,0,0,1,0.4984766016016016,0.5015233983983984
math,org.apache.commons.math3.stat.correlation.PearsonsCorrelation,0.9333333333333332,/Users/grano/PycharmProjects/jsep/projects/math/sources/org/apache/commons/math3/stat/correlation/PearsonsCorrelation.java,class,14,32,1,0,16,36,13,12,0,2,0,0,0,312,math,81,448,472.7639251168272,2840.252801292312,20.555555555555557,58382.97424878643,3243.4985693770227,0.946750933764104,0.0,1.0,10.0,0.09,0.91,1.0,math,0,0,0,0,0,0,0,0,1,org.apache.commons.math3.stat.correlation.PearsonsCorrelation,0,0,0,2,7,3,0,0,3,0,0,16,0,30,0,9,0,8,0,0,0,12,2,1,3,0,13,8,0,0,0,0,0,0,10,4,0,0,0,0,1,0,0,0.5146850834350835,0.4186482498982498
math,org.apache.commons.math3.stat.descriptive.StatisticalSummaryValues,0.75,/Users/grano/PycharmProjects/jsep/projects/math/sources/org/apache/commons/math3/stat/descriptive/StatisticalSummaryValues.java,class,2,15,1,0,14,39,11,11,0,7,0,1,0,164,math,63,251,347.9845058117172,1500.297260798479,11.578947368421053,17371.863019771863,965.1035010984367,0.5000990869328263,0.44,6.0,11.0,0.08,0.65,1.0,math,0,0,1,0,0,0,0,0,1,org.apache.commons.math3.stat.descriptive.StatisticalSummaryValues,0,0,0,0,15,0,0,0,7,0,0,2,0,3,1,4,1,2,0,4,0,1,0,1,7,0,12,12,0,1,0,0,0,0,5,0,0,0,2,0,0,0,0,0.3186723188048745,0.4313276811951255
math,org.apache.commons.math3.stat.descriptive.moment.SemiVariance,1.0,/Users/grano/PycharmProjects/jsep/projects/math/sources/org/apache/commons/math3/stat/descriptive/moment/SemiVariance.java,class,5,27,2,0,9,45,18,16,1,6,2,3,2,329,math,72,283,405.0979601934757,1746.0887754081743,15.746031746031745,27493.969288966808,1527.4427382759338,0.5820295918027247,0.0,7.0,9.0,0.44,0.56,1.0,math,0,0,10,0,0,0,0,0,3,org.apache.commons.math3.stat.descriptive.moment.SemiVariance,0,0,4,0,12,3,1,1,15,0,0,8,0,20,1,5,0,4,0,1,0,3,5,1,4,0,20,12,0,4,0,0,0,0,7,1,11,0,6,0,3,0,0,0.5615740740740741,0.4384259259259259
math,org.apache.commons.math3.stat.descriptive.rank.PSquarePercentile,0.8333333333333333,/Users/grano/PycharmProjects/jsep/projects/math/sources/org/apache/commons/math3/stat/descriptive/rank/PSquarePercentile.java,class,17,120,6,0,53,938,53,26,2,27,0,9,19,897,math,203,1307,1475.2692639989887,10018.594043761026,46.417112299465245,465034.204812009,25835.23360066717,3.339531347920342,0.09,2.0,11.0,0.06,0.85,1.0,math,0,0,14,0,0,4,0,0,7,org.apache.commons.math3.stat.descriptive.rank.PSquarePercentile,0,0,4,0,40,12,4,2,34,0,0,27,0,44,4,21,3,24,4,6,0,26,8,1,51,2,27,34,0,14,0,0,0,1,21,4,2,5,9,0,9,0,0,0.5060105654786505,0.32732276785468273
math,org.apache.commons.math3.stat.regression.OLSMultipleLinearRegression,1.0,/Users/grano/PycharmProjects/jsep/projects/math/sources/org/apache/commons/math3/stat/regression/OLSMultipleLinearRegression.java,class,11,20,2,0,27,42,12,9,0,2,0,0,1,267,math,81,265,475.8571927982413,1680.0602507644253,12.32876712328767,20713.07158476689,1150.7261991537164,0.5600200835881419,0.33,1.0,10.0,0.24,0.91,1.0,math,0,0,0,0,0,0,0,0,1,org.apache.commons.math3.stat.regression.OLSMultipleLinearRegression,0,0,0,0,7,3,1,1,5,0,0,15,0,17,0,8,0,5,0,0,0,5,0,1,2,3,10,10,0,0,0,0,0,0,8,0,1,0,0,0,3,0,0,0.3542675633096044,0.6457324366903956
math,org.apache.commons.math3.transform.FastHadamardTransformer,0.9444444444444444,/Users/grano/PycharmProjects/jsep/projects/math/sources/org/apache/commons/math3/transform/FastHadamardTransformer.java,class,6,17,1,0,8,10,5,3,0,1,0,1,3,296,math,59,279,308.3400633105188,1641.2574107719538,22.04081632653061,36174.653135381835,2009.7029519656573,0.5470858035906513,0.08,0.0,9.0,0.08,1.0,1.0,math,0,0,0,0,0,0,0,0,1,org.apache.commons.math3.transform.FastHadamardTransformer,0,0,0,0,3,0,0,0,16,0,0,9,0,10,1,6,0,9,0,1,0,4,0,1,0,2,4,7,0,1,0,0,2,0,4,2,2,0,0,0,0,0,0,0.4513354700854702,0.4931089743589742
math,org.apache.commons.math3.util.Decimal64,0.9071428571428573,/Users/grano/PycharmProjects/jsep/projects/math/sources/org/apache/commons/math3/util/Decimal64.java,class,7,81,2,0,42,0,70,70,0,7,5,6,53,609,math,126,737,825.2851036636134,5142.2553036194395,30.21739130434783,155385.54069632653,8632.530038684807,1.7140851012064795,0.12,63.0,13.0,0.71,0.17,1.0,math,2,0,3,0,1,0,0,0,4,org.apache.commons.math3.util.Decimal64,0,0,0,0,22,1,1,1,43,0,1,4,0,8,1,3,1,7,0,4,0,68,0,1,2,0,76,71,1,7,0,0,0,0,5,2,2,0,0,0,0,0,1,0.40664869988399394,0.5004941572588633
math,org.apache.commons.math3.util.IterationManager,1.0,/Users/grano/PycharmProjects/jsep/projects/math/sources/org/apache/commons/math3/util/IterationManager.java,class,4,16,1,0,10,0,12,12,0,2,0,0,0,155,math,44,109,233.32938445219017,595.0780464314654,0.0,0.0,0.0,0.19835934881048847,0.12,63.0,13.0,0.71,0.17,1.0,math,1,0,0,0,0,0,0,0,2,org.apache.commons.math3.util.IterationManager,0,0,0,0,0,0,0,0,4,0,0,7,0,4,0,3,0,4,0,0,0,9,0,1,2,0,13,2,0,0,0,0,0,0,8,0,2,0,0,0,8,0,0,0.5833333333333334,0.41666666666666663
math,org.apache.commons.math3.util.KthSelector,0.07894736842105264,/Users/grano/PycharmProjects/jsep/projects/math/sources/org/apache/commons/math3/util/KthSelector.java,class,4,23,1,0,5,0,5,4,0,3,0,2,4,139,math,58,239,295.23910567066963,1400.0574578354895,24.13333333333333,33788.05331576315,1877.1140730979528,0.4666858192784966,0.12,63.0,13.0,0.71,0.17,1.0,math,0,0,1,0,0,0,0,0,1,org.apache.commons.math3.util.KthSelector,0,0,1,0,3,3,0,0,12,0,0,5,0,6,1,3,0,12,0,1,0,1,1,1,4,0,5,4,0,2,0,0,0,0,3,0,1,0,0,0,0,0,4,0.5222578347578348,0.44331046633678217
math,org.apache.commons.math3.util.MultidimensionalCounter,0.9583333333333334,/Users/grano/PycharmProjects/jsep/projects/math/sources/org/apache/commons/math3/util/MultidimensionalCounter.java,class,8,34,1,0,6,33,15,14,0,8,0,0,3,276,math,71,319,381.9747842438563,1961.769331121993,35.92727272727272,70481.02178721927,3915.612321512182,0.6539231103739979,0.12,63.0,13.0,0.71,0.17,1.0,math,0,0,1,0,0,0,0,0,2,org.apache.commons.math3.util.MultidimensionalCounter,0,0,0,0,0,1,0,0,11,0,0,11,0,12,2,4,0,17,0,0,0,11,0,1,8,0,16,12,0,0,0,0,0,0,4,6,3,0,0,0,1,0,1,0.6208825367322099,0.3374507966011234
time,org.joda.time.chrono.GJChronology,0.6724137931034483,/Users/grano/PycharmProjects/jsep/projects/time/sources/org/joda/time/chrono/GJChronology.java,class,22,247,12,0,122,1630,76,56,8,18,0,6,28,1029,time,227,1956,1708.8810126703875,15308.728841141032,47.63720930232558,729265.1199579835,40514.728886554636,5.102909613713678,0.11,4.0,8.0,0.22,0.67,1.0,time,0,0,7,0,0,1,1,0,5,org.joda.time.chrono.GJChronology,0,0,14,0,0,24,4,0,13,0,0,11,0,96,0,16,1,42,0,56,0,46,7,1,19,5,57,90,0,15,0,0,0,0,15,8,2,0,1,1,1,0,0,0.2516015232518996,0.4208122698515487
time,org.joda.time.chrono.ISOChronology,0.8888888888888891,/Users/grano/PycharmProjects/jsep/projects/time/sources/org/joda/time/chrono/ISOChronology.java,class,8,34,4,0,20,79,15,8,3,5,0,4,11,206,time,83,272,498.0523386378344,1734.0107253263636,9.311688311688313,16146.56740336367,897.0315224090928,0.5780035751087879,0.11,4.0,8.0,0.22,0.67,1.0,time,0,0,1,0,0,0,0,0,2,org.joda.time.chrono.ISOChronology,0,0,4,0,0,0,1,0,6,0,0,3,0,11,1,10,1,1,0,2,0,7,2,1,11,1,9,13,0,9,0,0,0,0,3,0,2,1,1,0,3,0,0,0.4802579365079365,0.40863095238095254
time,org.joda.time.chrono.LimitChronology,0.015625,/Users/grano/PycharmProjects/jsep/projects/time/sources/org/joda/time/chrono/LimitChronology.java,class,16,96,14,0,77,1377,54,46,1,11,0,4,5,519,time,200,1244,1463.2822541240494,9508.957100079755,35.648936170212764,338984.20470603474,18832.45581700193,3.1696523666932523,0.11,4.0,8.0,0.22,0.67,1.0,time,0,0,4,0,0,0,0,0,4,org.joda.time.chrono.LimitChronology,0,0,0,0,0,1,4,0,14,0,0,3,0,24,0,14,1,28,0,50,0,13,19,1,15,1,47,56,0,5,0,0,0,0,5,5,3,1,1,0,2,0,0,0.3783338625919976,0.3627088625919976
time,org.joda.time.chrono.StrictChronology,0.0625,/Users/grano/PycharmProjects/jsep/projects/time/sources/org/joda/time/chrono/StrictChronology.java,class,6,25,4,0,12,34,9,6,2,2,0,1,27,141,time,69,268,399.4539078468495,1637.0845544165493,7.046153846153848,11535.149629581223,640.8416460878458,0.5456948514721832,0.11,4.0,8.0,0.22,0.67,1.0,time,0,0,1,0,0,0,0,0,1,org.joda.time.chrono.StrictChronology,0,0,0,0,0,1,1,0,3,0,0,5,0,10,0,4,1,1,0,1,0,2,1,1,4,1,7,11,0,3,0,0,0,0,1,1,0,1,1,0,1,0,0,0.5393346595932803,0.4768346595932803
time,org.joda.time.chrono.ZonedChronology,0.02,/Users/grano/PycharmProjects/jsep/projects/time/sources/org/joda/time/chrono/ZonedChronology.java,class,15,138,8,0,78,19,67,55,2,13,0,4,4,569,time,201,1439,1468.36842045123,11009.863383606476,39.57446808510639,435709.487095916,24206.082616439777,3.6699544612021593,0.11,4.0,8.0,0.22,0.67,1.0,time,0,0,9,0,0,0,0,0,4,org.joda.time.chrono.ZonedChronology,0,0,0,0,0,9,3,0,18,0,0,6,0,35,0,12,3,54,0,58,0,18,4,1,12,1,56,84,0,8,0,0,0,0,1,10,3,0,1,0,1,0,0,0.4724791209068717,0.4524791209068717
time,org.joda.time.field.FieldUtils,0.77,/Users/grano/PycharmProjects/jsep/projects/time/sources/org/joda/time/field/FieldUtils.java,class,3,65,1,0,8,153,18,17,17,0,0,0,12,342,time,91,463,531.161401787191,3013.1089184119965,37.86666666666667,114096.3910438676,6338.688391325976,1.0043696394706654,0.27,5.0,5.0,0.23,0.5,1.0,time,0,0,1,0,0,3,0,0,1,org.joda.time.field.FieldUtils,0,0,0,0,0,0,0,0,0,0,0,7,0,49,0,5,0,30,0,18,0,26,1,1,1,0,18,25,0,17,0,0,1,0,1,15,0,0,1,0,3,0,0,0.14698879551820726,0.6230112044817928
time,org.joda.time.field.UnsupportedDateTimeField,0.25,/Users/grano/PycharmProjects/jsep/projects/time/sources/org/joda/time/field/UnsupportedDateTimeField.java,class,6,62,2,0,10,1395,54,51,1,4,0,2,1,485,time,82,357,486.81288624159424,2269.646065648656,13.56,30776.400650195767,1709.8000361219877,0.7565486885495519,0.27,5.0,5.0,0.23,0.5,1.0,time,0,0,3,0,0,0,0,0,1,org.joda.time.field.UnsupportedDateTimeField,0,0,0,0,0,1,1,2,4,0,0,2,0,9,1,7,0,27,0,17,0,4,5,1,7,0,52,16,0,3,0,0,0,1,2,40,38,0,0,0,0,0,0,0.7166574963318659,0.46665749633186593
time,org.joda.time.format.ISODateTimeFormat,0.02083333333333334,/Users/grano/PycharmProjects/jsep/projects/time/sources/org/joda/time/format/ISODateTimeFormat.java,class,4,327,1,0,113,6785,118,52,117,1,0,1,217,1869,time,226,1874,1722.3298505070609,14655.015375566065,23.164383561643834,339474.3972614002,18859.688736744454,4.885005125188688,0.18,5.0,9.0,0.18,0.64,1.0,time,0,0,26,0,0,0,1,0,2,org.joda.time.format.ISODateTimeFormat,0,0,0,0,0,25,0,1,2,0,0,148,0,110,0,4,0,1,0,0,0,86,4,1,66,1,53,173,0,119,0,0,0,0,31,6,0,0,10,1,3,0,0,0.6794498639895618,0.6586165306562284
time,org.joda.time.format.PeriodFormat,0.2307692307692308,/Users/grano/PycharmProjects/jsep/projects/time/sources/org/joda/time/format/PeriodFormat.java,class,7,46,1,0,40,124,17,8,8,3,0,2,20,375,time,130,689,882.3326760571978,4838.411423176605,10.672,51635.52670814073,2868.6403726744848,1.612803807725535,0.18,5.0,9.0,0.18,0.64,1.0,time,0,0,1,0,0,0,0,0,2,org.joda.time.format.PeriodFormat,0,0,3,0,0,9,0,0,3,0,0,12,0,15,1,9,0,5,0,0,0,6,5,1,10,1,9,17,0,11,0,0,0,0,2,0,1,0,0,0,2,0,0,0.5549543049543051,0.32418507418507425
time,org.joda.time.format.PeriodFormatter,0.27272727272727265,/Users/grano/PycharmProjects/jsep/projects/time/sources/org/joda/time/format/PeriodFormatter.java,class,8,33,1,0,16,21,19,15,0,4,0,0,1,314,time,71,264,403.65148445440315,1623.5332395492362,11.15625,18112.542703721167,1006.2523724289535,0.541177746516412,0.18,5.0,9.0,0.18,0.64,1.0,time,0,0,2,0,0,1,0,0,6,org.joda.time.format.PeriodFormatter,0,0,1,0,0,1,0,0,4,0,0,7,0,20,0,8,0,3,0,0,0,22,11,1,7,0,16,17,0,0,0,0,0,0,10,4,1,0,2,0,5,0,0,0.6671048632218844,0.3943775904946118
time,org.joda.time.format.PeriodFormatterBuilder,0.8507281553398057,/Users/grano/PycharmProjects/jsep/projects/time/sources/org/joda/time/format/PeriodFormatterBuilder.java,class,17,516,5,0,105,6246,121,85,2,58,0,19,47,1990,time,376,3728,3091.666028754038,31891.507239054237,95.94617563739376,3059868.1548995124,169992.6752721951,10.630502413018078,0.18,5.0,9.0,0.18,0.64,1.0,time,1,0,21,1,0,52,0,1,10,org.joda.time.format.PeriodFormatterBuilder,0,4,0,2,0,34,4,1,55,0,0,49,0,221,5,19,7,141,1,5,0,54,25,1,70,1,86,138,0,31,0,0,6,0,61,16,10,0,3,0,28,3,2,0.4635251068789495,0.38720304846085624
time,org.joda.time.tz.DefaultNameProvider,0.08333333333333333,/Users/grano/PycharmProjects/jsep/projects/time/sources/org/joda/time/tz/DefaultNameProvider.java,class,1,44,1,0,21,28,8,5,0,2,0,0,5,142,time,66,456,366.727424366752,2756.243718427455,19.728813559322035,54377.418444907766,3020.967691383765,0.918747906142485,0.08,1.0,10.0,0.01,0.91,1.0,time,0,0,4,0,0,1,0,0,1,org.joda.time.tz.DefaultNameProvider,0,0,1,0,0,1,0,0,0,0,0,6,0,14,1,5,0,0,0,0,0,6,18,1,5,0,6,9,0,0,0,0,0,2,3,0,0,0,0,0,0,0,0,0.5368055555555556,0.45347222222222233
ivy,org.apache.ivy.Ivy14,0.875,/Users/grano/PycharmProjects/jsep/projects/ivy/sources/org/apache/ivy/Ivy14.java,class,26,69,1,0,68,0,59,57,0,1,0,0,3,438,ivy,186,1465,1369.0817460364972,11044.867658273266,16.08839779005525,177694.22442481632,9871.90135693424,3.681622552757756,0.2,14.0,32.0,0.1,0.7,1.0,ivy,0,0,71,0,0,0,5,0,4,org.apache.ivy.Ivy14,0,0,0,1,0,0,0,0,0,0,0,5,0,2,0,34,0,5,0,0,0,29,1,1,3,0,58,50,0,0,0,0,0,0,6,5,28,0,0,5,8,0,0,0.05531505531505532,0.8196849446849447
ivy,org.apache.ivy.core.cache.ArtifactOrigin,0.09375,/Users/grano/PycharmProjects/jsep/projects/ivy/sources/org/apache/ivy/core/cache/ArtifactOrigin.java,class,2,34,1,0,7,7,15,15,3,7,0,2,2,148,ivy,56,217,294.7722668160484,1260.1960180864999,11.081632653061225,13965.029343285092,775.8349635158385,0.4200653393621667,0.23,17.0,28.0,0.15,0.62,1.0,ivy,0,0,8,0,0,0,0,0,2,org.apache.ivy.core.cache.ArtifactOrigin,0,0,0,0,0,1,0,0,5,0,0,2,0,11,0,2,0,3,0,0,0,2,3,1,7,0,16,18,0,5,0,0,0,0,9,0,0,0,0,0,3,0,0,0.4280909586056645,0.3343409586056645
ivy,org.apache.ivy.core.cache.CacheUtil,0.5,/Users/grano/PycharmProjects/jsep/projects/ivy/sources/org/apache/ivy/core/cache/CacheUtil.java,class,0,8,1,0,1,1,2,1,1,0,0,0,0,47,ivy,20,31,77.05865002596161,133.97977094150824,1.5555555555555556,208.4129770201239,11.578498723340216,0.04465992364716941,0.23,17.0,28.0,0.15,0.62,1.0,ivy,0,0,0,0,0,0,0,0,2,org.apache.ivy.core.cache.CacheUtil,0,0,0,0,0,0,0,0,1,0,0,2,0,4,0,0,0,0,0,0,0,3,0,1,1,0,2,0,0,1,0,0,0,0,3,3,0,0,0,0,1,0,0,0.875,0.375
ivy,org.apache.ivy.core.install.InstallOptions,1.0,/Users/grano/PycharmProjects/jsep/projects/ivy/sources/org/apache/ivy/core/install/InstallOptions.java,class,2,15,1,0,0,77,14,14,0,7,0,0,0,79,ivy,44,117,228.47733175670794,638.7534993805638,2.4285714285714284,1551.2584984956545,86.18102769420305,0.21291783312685456,0.33,3.0,17.0,0.18,0.85,1.0,ivy,0,0,8,0,0,0,0,0,1,org.apache.ivy.core.install.InstallOptions,0,0,0,0,0,0,0,0,0,0,0,2,0,0,0,3,0,0,0,0,0,0,1,1,7,0,15,14,0,0,0,0,0,0,3,0,0,0,0,0,0,0,0,0.5972222222222222,0.4027777777777778
ivy,org.apache.ivy.core.module.descriptor.DefaultArtifact,0.25,/Users/grano/PycharmProjects/jsep/projects/ivy/sources/org/apache/ivy/core/module/descriptor/DefaultArtifact.java,class,5,25,2,0,15,116,21,21,7,4,0,0,6,118,ivy,59,309,334.4747308073903,1817.7367022528088,5.2631578947368425,9567.035275014783,531.5019597230436,0.6059122340842696,0.44,38.0,18.0,0.23,0.32,1.0,ivy,0,0,4,0,0,0,0,0,1,org.apache.ivy.core.module.descriptor.DefaultArtifact,0,0,0,0,0,0,1,0,0,0,0,2,0,2,0,5,0,0,0,0,0,8,0,1,4,0,22,16,0,7,0,0,0,0,3,1,0,0,0,0,0,0,0,0.5985449735449735,0.3485449735449735
ivy,org.apache.ivy.core.module.id.ModuleRevisionId,0.7878787878787878,/Users/grano/PycharmProjects/jsep/projects/ivy/sources/org/apache/ivy/core/module/id/ModuleRevisionId.java,class,4,70,2,0,51,188,25,21,11,12,2,8,20,297,ivy,167,805,1170.8188328261608,5943.881955441612,27.36774193548387,162670.62745150528,9037.25708063918,1.981293985147204,0.0,34.0,11.0,0.76,0.24,1.0,ivy,0,0,3,0,0,1,0,0,1,org.apache.ivy.core.module.id.ModuleRevisionId,0,0,2,1,0,7,1,0,11,0,0,4,0,22,0,11,1,2,0,0,0,13,9,1,14,0,24,27,0,21,0,0,0,1,5,7,0,0,0,0,0,0,0,0.230659533531874,0.5572192543469139
ivy,org.apache.ivy.core.module.id.ModuleRules,0.14285714285714285,/Users/grano/PycharmProjects/jsep/projects/ivy/sources/org/apache/ivy/core/module/id/ModuleRules.java,class,6,24,1,0,22,49,14,11,0,2,0,0,10,231,ivy,66,310,386.0,1873.7621770011206,4.53125,8490.484864536327,471.6936035853514,0.6245873923337069,0.0,34.0,11.0,0.76,0.24,1.0,ivy,0,0,0,0,0,0,0,0,2,org.apache.ivy.core.module.id.ModuleRules,0,0,0,0,0,1,0,0,0,0,0,9,0,13,0,11,0,0,0,0,0,6,0,1,5,0,12,11,0,0,0,0,0,0,5,0,0,0,0,0,2,0,0,0.5938060731538993,0.4509489302967565
ivy,org.apache.ivy.core.pack.Pack200Packing,0.25,/Users/grano/PycharmProjects/jsep/projects/ivy/sources/org/apache/ivy/core/pack/Pack200Packing.java,class,1,11,3,0,4,3,3,3,0,1,0,1,1,47,ivy,34,89,162.0,452.7841928712802,2.5,1131.9604821782007,62.886693454344474,0.15092806429042674,0.29,2.0,8.0,0.09,0.8,1.0,ivy,0,0,0,0,0,0,0,0,1,org.apache.ivy.core.pack.Pack200Packing,0,0,0,0,0,1,1,0,1,0,0,2,0,4,0,3,0,0,0,0,0,0,0,1,1,0,4,3,0,1,0,0,0,0,3,0,1,0,0,0,0,0,0,0.8333333333333334,0.5833333333333334
ivy,org.apache.ivy.core.resolve.IvyNodeEviction,0.013888888888888888,/Users/grano/PycharmProjects/jsep/projects/ivy/sources/org/apache/ivy/core/resolve/IvyNodeEviction.java,class,6,96,1,0,50,76,33,32,0,13,0,0,1,384,ivy,147,849,998.3896556105162,6112.5218207660755,33.022222222222226,201849.0539035197,11213.836327973315,2.0375072735886914,0.05,22.0,26.0,0.41,0.54,1.0,ivy,0,0,4,0,0,10,0,0,4,org.apache.ivy.core.resolve.IvyNodeEviction,0,0,0,0,0,4,0,0,3,0,0,24,0,30,0,9,1,2,0,0,0,28,8,1,15,0,34,34,0,2,0,0,0,0,8,3,0,0,0,0,5,0,0,0.34030406056268125,0.32641517167379236
ivy,org.apache.ivy.core.resolve.ResolveEngine,0.006802721088435373,/Users/grano/PycharmProjects/jsep/projects/ivy/sources/org/apache/ivy/core/resolve/ResolveEngine.java,class,35,251,1,0,236,198,33,20,0,5,0,0,79,1113,ivy,491,2857,4302.720050550633,25540.37781529708,31.66945606694561,808849.873154743,44936.10406415238,8.513459271765692,0.05,22.0,26.0,0.41,0.54,1.0,ivy,0,0,12,0,0,5,3,0,1,org.apache.ivy.core.resolve.ResolveEngine,0,1,3,3,0,20,1,1,0,3,0,66,0,114,0,53,0,0,0,4,0,39,19,1,19,0,22,36,0,1,0,0,0,0,22,8,7,0,3,6,9,0,3,0.33534762188683626,0.3285449007984009
ivy,org.apache.ivy.core.resolve.ResolveOptions,0.875,/Users/grano/PycharmProjects/jsep/projects/ivy/sources/org/apache/ivy/core/resolve/ResolveOptions.java,class,5,37,2,0,8,404,32,32,2,16,3,3,2,260,ivy,93,329,576.0458591431664,2151.3832488545427,9.724137931034482,20920.34745437865,1162.2415252432586,0.7171277496181809,0.05,22.0,26.0,0.41,0.54,1.0,ivy,0,0,15,0,0,1,0,0,1,org.apache.ivy.core.resolve.ResolveOptions,0,0,2,0,0,0,1,5,3,0,0,8,0,14,0,7,0,0,0,0,0,4,2,1,13,0,36,31,0,5,0,0,0,0,3,1,0,0,0,0,0,0,0,0.453230890464933,0.421769109535067
ivy,org.apache.ivy.core.resolve.VisitData,1.0,/Users/grano/PycharmProjects/jsep/projects/ivy/sources/org/apache/ivy/core/resolve/VisitData.java,class,2,8,1,0,6,1,6,6,0,2,0,0,0,63,ivy,32,82,149.20671786825557,410.0,2.5,1025.0,56.944444444444436,0.13666666666666666,0.05,22.0,26.0,0.41,0.54,1.0,ivy,0,0,0,0,0,0,0,0,2,org.apache.ivy.core.resolve.VisitData,0,0,0,0,0,0,0,0,0,0,0,2,0,1,0,4,0,0,0,0,0,2,0,1,2,0,7,2,0,0,0,0,0,0,3,0,0,0,0,0,3,0,0,0.5572916666666666,0.44270833333333337
ivy,org.apache.ivy.core.settings.IvySettings,0.6835051546391753,/Users/grano/PycharmProjects/jsep/projects/ivy/sources/org/apache/ivy/core/settings/IvySettings.java,class,64,327,1,0,182,14635,170,156,4,51,0,1,75,1277,ivy,599,3052,5453.270213185016,28159.010012391373,23.633276740237694,665489.6763539693,36971.648686331624,9.386336670797123,0.15,21.0,41.0,0.18,0.66,1.0,ivy,0,0,33,0,0,0,12,0,5,org.apache.ivy.core.settings.IvySettings,0,0,4,1,0,14,0,0,3,2,0,11,0,67,1,91,10,1,0,4,0,69,20,1,66,0,161,96,0,6,0,0,0,141,5,6,13,0,0,13,86,0,0,0.1537135252919998,0.5297916293471755
ivy,org.apache.ivy.core.settings.IvyVariableContainerImpl,0.75,/Users/grano/PycharmProjects/jsep/projects/ivy/sources/org/apache/ivy/core/settings/IvyVariableContainerImpl.java,class,2,16,1,0,13,0,9,6,0,2,0,0,4,86,ivy,58,152,311.93264034766366,890.4131112593909,7.615384615384616,6780.838308821515,376.71323937897307,0.29680437041979696,0.15,21.0,41.0,0.18,0.66,1.0,ivy,0,0,1,0,0,0,1,0,1,org.apache.ivy.core.settings.IvyVariableContainerImpl,0,0,0,0,0,3,0,0,0,0,0,2,0,3,1,4,0,0,0,0,0,3,0,1,2,3,7,5,0,0,0,0,0,0,3,1,0,0,0,1,2,0,0,0.3548611111111111,0.3951388888888889
ivy,org.apache.ivy.osgi.core.BundleRequirement,0.42857142857142855,/Users/grano/PycharmProjects/jsep/projects/ivy/sources/org/apache/ivy/osgi/core/BundleRequirement.java,class,2,44,1,0,4,0,8,8,0,4,0,0,0,97,ivy,41,204,195.03468059740075,1092.9406089420888,13.8,15082.580403400827,837.9211335222682,0.3643135363140297,0.0,8.0,20.0,0.29,0.71,1.0,ivy,0,0,1,0,0,0,0,0,1,org.apache.ivy.osgi.core.BundleRequirement,0,0,0,0,0,4,0,0,5,0,0,2,0,15,0,1,1,3,0,0,0,0,2,1,4,0,9,18,0,0,0,0,0,0,3,0,0,0,0,0,0,0,0,0.7833333333333332,0.35476190476190467
ivy,org.apache.ivy.osgi.core.ExecutionEnvironmentProfileProvider,0.9090909090909092,/Users/grano/PycharmProjects/jsep/projects/ivy/sources/org/apache/ivy/osgi/core/ExecutionEnvironmentProfileProvider.java,class,2,26,1,0,21,8,5,4,3,4,0,3,3,114,ivy,90,291,545.319264378683,1889.1292510319354,12.146341463414636,22946.008951558637,1274.7782750865906,0.6297097503439785,0.0,8.0,20.0,0.29,0.71,1.0,ivy,0,0,0,0,0,0,1,0,1,org.apache.ivy.osgi.core.ExecutionEnvironmentProfileProvider,0,0,0,0,0,0,0,0,3,1,0,6,0,8,0,8,0,0,0,0,0,7,0,2,5,0,5,4,0,7,0,0,0,0,3,2,2,0,0,2,0,0,0,0.2267653642653643,0.6823255448255449
ivy,org.apache.ivy.osgi.core.ManifestHeaderElement,0.95,/Users/grano/PycharmProjects/jsep/projects/ivy/sources/org/apache/ivy/osgi/core/ManifestHeaderElement.java,class,1,30,1,0,14,0,8,8,0,3,0,0,0,101,ivy,56,244,308.33467159401306,1416.9946009820553,4.169811320754717,5908.600128623289,328.25556270129385,0.4723315336606852,0.0,8.0,20.0,0.29,0.71,1.0,ivy,0,0,1,0,0,0,0,0,1,org.apache.ivy.osgi.core.ManifestHeaderElement,0,0,0,0,0,0,0,0,0,0,0,7,0,8,0,6,1,0,0,0,0,3,0,1,3,0,9,12,0,0,0,0,0,0,3,0,0,0,0,0,3,0,1,0.4242724867724868,0.5257275132275132
ivy,org.apache.ivy.osgi.core.ManifestParser,0.09523809523809523,/Users/grano/PycharmProjects/jsep/projects/ivy/sources/org/apache/ivy/osgi/core/ManifestParser.java,class,8,48,1,0,41,43,10,6,10,17,0,17,12,255,ivy,169,722,1200.0378201949584,5343.434952995737,15.825,84559.85813115754,4697.769896175419,1.7811449843319125,0.0,8.0,20.0,0.29,0.71,1.0,ivy,0,0,0,0,0,0,5,0,2,org.apache.ivy.osgi.core.ManifestParser,0,0,0,0,0,1,0,0,17,1,0,10,0,13,0,12,0,2,0,0,0,25,0,1,21,0,7,11,0,27,0,0,0,0,3,6,9,0,0,6,2,0,1,0.4561595513208416,0.3609214560827464
ivy,org.apache.ivy.osgi.util.Version,0.8225806451612904,/Users/grano/PycharmProjects/jsep/projects/ivy/sources/org/apache/ivy/osgi/util/Version.java,class,1,66,1,0,8,0,14,12,0,8,0,0,3,198,ivy,70,413,387.6327166853848,2531.3938859982713,27.41666666666667,69402.38237445263,3855.687909691812,0.8437979619994238,0.14,6.0,8.0,0.29,0.57,1.0,ivy,0,0,3,0,0,0,3,0,1,org.apache.ivy.osgi.util.Version,0,0,0,0,0,1,0,0,1,0,0,2,0,20,1,1,1,12,0,0,0,6,6,1,10,0,13,22,0,0,0,0,0,2,3,4,2,0,0,3,2,0,1,0.27042023495827844,0.552160410203012
ivy,org.apache.ivy.osgi.util.VersionRange,0.7322580645161292,/Users/grano/PycharmProjects/jsep/projects/ivy/sources/org/apache/ivy/osgi/util/VersionRange.java,class,3,118,1,0,25,55,26,14,0,8,0,0,0,334,ivy,113,577,706.8449236574182,3935.243261313564,33.214285714285715,130706.29403648624,7261.460779804791,1.311747753771188,0.14,6.0,8.0,0.29,0.57,1.0,ivy,0,0,13,0,0,18,0,2,2,org.apache.ivy.osgi.util.VersionRange,0,0,0,3,0,11,0,0,2,0,0,2,0,30,0,1,1,5,0,0,0,13,3,1,18,0,15,38,0,0,0,0,6,0,3,3,4,0,0,0,4,0,3,0.3453282828282829,0.3869297816878463
ivy,org.apache.ivy.plugins.conflict.RegexpConflictManager,0.05,/Users/grano/PycharmProjects/jsep/projects/ivy/sources/org/apache/ivy/plugins/conflict/RegexpConflictManager.java,class,3,21,2,0,21,24,8,4,0,2,0,0,7,106,ivy,83,227,491.16140178719115,1447.1339509157522,10.773333333333332,15590.456431199036,866.1364683999465,0.48237798363858403,0.17,9.0,13.0,0.24,0.59,1.0,ivy,0,0,3,0,0,0,0,0,1,org.apache.ivy.plugins.conflict.RegexpConflictManager,0,0,0,0,0,2,1,1,0,0,0,3,0,6,0,8,0,0,0,0,0,3,2,1,6,0,5,5,0,0,0,0,0,0,3,3,0,0,1,0,3,0,0,0.4652777777777778,0.4152777777777778
ivy,org.apache.ivy.plugins.latest.LatestRevisionStrategy,1.0,/Users/grano/PycharmProjects/jsep/projects/ivy/sources/org/apache/ivy/plugins/latest/LatestRevisionStrategy.java,class,7,48,3,0,29,46,13,12,0,7,0,1,5,170,ivy,109,410,692.9149439904534,2774.95557315854,14.16,39293.37091592492,2182.9650508847176,0.9249851910528466,0.25,9.0,6.0,0.35,0.4,1.0,ivy,0,0,5,0,0,3,0,0,4,org.apache.ivy.plugins.latest.LatestRevisionStrategy,0,0,0,0,0,1,1,0,5,0,0,3,0,17,2,7,0,5,0,0,0,11,1,1,8,0,14,17,0,3,0,0,0,1,5,2,0,0,0,0,5,0,0,0.4397893772893773,0.5602106227106227
ivy,org.apache.ivy.plugins.namespace.MRIDRule,1.0,/Users/grano/PycharmProjects/jsep/projects/ivy/sources/org/apache/ivy/plugins/namespace/MRIDRule.java,class,0,12,1,0,0,17,11,11,0,4,0,0,0,58,ivy,28,84,120.8512922465316,403.8178134528386,2.96,1195.3007278204027,66.40559599002238,0.1346059378176129,0.1,8.0,8.0,0.4,0.5,1.0,ivy,0,0,0,0,0,0,0,0,1,org.apache.ivy.plugins.namespace.MRIDRule,0,0,0,0,0,0,0,0,0,0,0,2,0,0,0,0,0,0,0,0,0,0,1,1,4,0,12,5,0,0,0,0,0,0,3,0,0,0,0,0,4,0,0,0.6666666666666666,0.33333333333333337
ivy,org.apache.ivy.plugins.namespace.NamespaceRule,0.5,/Users/grano/PycharmProjects/jsep/projects/ivy/sources/org/apache/ivy/plugins/namespace/NamespaceRule.java,class,1,12,1,0,0,20,8,8,0,4,0,0,0,54,ivy,26,60,112.03910001730776,282.0263830884656,2.25,634.5593619490475,35.253297886058185,0.09400879436282183,0.1,8.0,8.0,0.4,0.5,1.0,ivy,0,0,0,0,0,0,0,0,1,org.apache.ivy.plugins.namespace.NamespaceRule,0,0,0,0,0,0,0,0,0,0,0,2,0,2,0,0,0,0,0,0,0,2,0,1,4,0,9,4,0,0,0,0,0,0,3,2,0,0,0,0,4,0,0,0.8888888888888891,0.38888888888888906
ivy,org.apache.ivy.plugins.repository.RepositoryCopyProgressListener,0.5,/Users/grano/PycharmProjects/jsep/projects/ivy/sources/org/apache/ivy/plugins/repository/RepositoryCopyProgressListener.java,class,3,8,1,0,6,0,6,6,0,2,0,0,0,47,ivy,26,66,112.03910001730776,310.2290213973121,2.583333333333333,801.4249719430562,44.52360955239202,0.10340967379910404,0.67,22.0,11.0,0.0,0.33,1.0,ivy,0,0,0,0,0,0,0,0,1,org.apache.ivy.plugins.repository.RepositoryCopyProgressListener,0,0,0,0,0,1,0,0,1,0,0,2,0,1,1,2,0,0,0,0,0,0,0,1,2,0,7,1,0,0,0,0,0,0,3,0,0,0,0,0,4,0,0,0.8333333333333334,0.33333333333333337
ivy,org.apache.ivy.plugins.repository.ResourceHelper,0.14285714285714285,/Users/grano/PycharmProjects/jsep/projects/ivy/sources/org/apache/ivy/plugins/repository/ResourceHelper.java,class,3,14,1,0,9,3,3,2,2,0,0,0,2,54,ivy,44,92,214.93102051518318,502.2677089146313,6.552631578947367,3291.1752505195577,182.84306947330884,0.16742256963821045,0.67,22.0,11.0,0.0,0.33,1.0,ivy,0,0,1,0,0,0,1,0,1,org.apache.ivy.plugins.repository.ResourceHelper,0,0,0,0,0,2,0,0,1,0,0,3,0,5,0,5,2,0,0,2,0,1,2,1,1,0,3,8,0,2,0,0,0,0,3,0,0,0,0,1,0,0,0,0.5699074074074074,0.42705026455026457
ivy,org.apache.ivy.plugins.repository.TransferEvent,0.22222222222222224,/Users/grano/PycharmProjects/jsep/projects/ivy/sources/org/apache/ivy/plugins/repository/TransferEvent.java,class,4,43,2,0,10,165,23,15,1,23,12,13,4,301,ivy,95,302,584.5360841388392,1984.0963937159463,11.770114942528734,23353.042611093442,1297.3912561718575,0.6613654645719821,0.67,22.0,11.0,0.0,0.33,1.0,ivy,0,0,2,0,0,7,0,0,3,org.apache.ivy.plugins.repository.TransferEvent,0,0,0,0,0,2,1,0,21,0,0,3,0,11,0,2,0,19,0,8,0,3,0,1,13,6,28,18,0,14,0,0,2,0,5,2,1,0,0,0,9,0,0,0.6123394268774703,0.39011720465524813
ivy,org.apache.ivy.plugins.repository.ssh.SshResource,1.0,/Users/grano/PycharmProjects/jsep/projects/ivy/sources/org/apache/ivy/plugins/repository/ssh/SshResource.java,class,3,18,1,0,10,0,12,11,0,6,0,0,2,118,ivy,49,175,258.838737480786,982.5742227201616,3.217391304347826,3161.325760056172,175.62920889200956,0.3275247409067205,0.1,2.0,10.0,0.07,0.83,1.0,ivy,0,0,5,0,0,0,0,0,1,org.apache.ivy.plugins.repository.ssh.SshResource,0,0,0,0,0,0,0,0,0,0,0,3,0,3,1,4,0,0,0,6,0,2,0,1,7,0,12,8,0,0,0,0,0,0,3,0,1,0,0,0,1,0,0,0.4776877327992129,0.5223122672007872
ivy,org.apache.ivy.plugins.version.ChainVersionMatcher,0.029411764705882363,/Users/grano/PycharmProjects/jsep/projects/ivy/sources/org/apache/ivy/plugins/version/ChainVersionMatcher.java,class,6,29,2,0,14,0,9,9,0,1,0,0,12,143,ivy,58,291,311.93264034766366,1704.672469582123,15.519230769230768,26455.205441399492,1469.733635633305,0.5682241565273745,0.15,11.0,12.0,0.32,0.52,1.0,ivy,0,0,4,0,0,0,0,0,1,org.apache.ivy.plugins.version.ChainVersionMatcher,0,0,0,0,0,0,1,0,0,0,0,8,0,8,1,10,2,1,1,0,0,2,2,1,1,0,10,10,0,0,0,0,0,0,4,1,0,0,0,0,2,0,0,0.5666666666666668,0.5372549019607844
ivy,org.apache.ivy.plugins.version.VersionRangeMatcher,0.05882352941176471,/Users/grano/PycharmProjects/jsep/projects/ivy/sources/org/apache/ivy/plugins/version/VersionRangeMatcher.java,class,5,41,2,0,16,79,15,13,0,30,0,26,7,199,ivy,125,550,831.8033642791005,3831.181356564148,11.796610169491524,45194.952952010965,2510.8307195561647,1.2770604521880493,0.15,11.0,12.0,0.32,0.52,1.0,ivy,0,0,6,0,0,0,0,0,3,org.apache.ivy.plugins.version.VersionRangeMatcher,0,0,1,0,0,2,1,0,28,0,0,3,0,12,1,6,0,5,0,1,0,7,0,1,33,0,14,16,0,27,0,0,0,0,3,4,0,0,0,0,2,0,0,0.7505692321862534,0.6917457027744887
ivy,org.apache.ivy.util.Checks,0.5,/Users/grano/PycharmProjects/jsep/projects/ivy/sources/org/apache/ivy/util/Checks.java,class,0,10,1,0,4,6,4,3,3,0,0,0,4,56,ivy,29,69,124.09640474436813,335.2006886638025,4.96,1662.5954157724607,92.36641198735892,0.11173356288793417,0.14,51.0,21.0,0.57,0.29,1.0,ivy,0,0,0,0,0,0,0,0,2,org.apache.ivy.util.Checks,0,0,0,0,0,0,0,0,1,0,0,2,0,5,0,1,0,0,0,0,0,4,1,1,1,0,4,2,0,3,0,0,0,0,3,4,0,0,0,0,1,0,0,0.8472222222222222,0.3472222222222222
ivy,org.apache.ivy.util.Credentials,0.8333333333333334,/Users/grano/PycharmProjects/jsep/projects/ivy/sources/org/apache/ivy/util/Credentials.java,class,1,20,1,0,10,29,11,10,1,4,0,0,1,85,ivy,43,124,208.25954953259807,672.8568295830602,8.837837837837839,5946.599547936776,330.3666415520431,0.22428560986102009,0.14,51.0,21.0,0.57,0.29,1.0,ivy,0,0,1,0,0,0,0,0,1,org.apache.ivy.util.Credentials,0,0,0,0,0,1,0,0,0,0,0,5,0,4,0,0,1,1,0,0,0,1,1,1,5,0,11,14,0,1,0,0,0,0,3,0,0,0,0,0,0,0,0,0.4540441176470588,0.37928921568627455
ivy,org.apache.ivy.util.EncrytedProperties,1.0,/Users/grano/PycharmProjects/jsep/projects/ivy/sources/org/apache/ivy/util/EncrytedProperties.java,class,0,8,4,0,11,21,7,7,0,0,0,0,8,56,ivy,32,96,145.63633636086306,480.0,3.1724137931034484,1522.7586206896551,84.59770114942529,0.16,0.14,51.0,21.0,0.57,0.29,1.0,ivy,0,0,2,0,0,0,0,0,1,org.apache.ivy.util.EncrytedProperties,0,0,0,1,0,0,1,0,0,0,0,3,0,0,0,4,0,0,0,0,0,1,0,1,0,0,8,6,0,0,0,0,0,2,4,0,0,0,0,0,1,0,1,0.5879629629629629,0.4120370370370371
ivy,org.apache.ivy.util.HostUtil,0.5,/Users/grano/PycharmProjects/jsep/projects/ivy/sources/org/apache/ivy/util/HostUtil.java,class,0,5,1,0,2,1,2,1,1,1,0,1,1,48,ivy,19,32,71.48686830125578,135.93368043019473,1.6470588235294117,223.8907677673796,12.43837598707664,0.045311226810064914,0.14,51.0,21.0,0.57,0.29,1.0,ivy,0,0,0,0,0,0,1,0,3,org.apache.ivy.util.HostUtil,0,0,1,0,0,0,0,0,1,0,0,3,0,2,0,2,0,0,0,0,0,0,0,1,2,0,2,1,0,2,0,0,0,0,5,0,0,0,0,1,0,0,0,0.9166666666666666,0.41666666666666663
ivy,org.apache.ivy.util.cli.CommandLine,0.3333333333333333,/Users/grano/PycharmProjects/jsep/projects/ivy/sources/org/apache/ivy/util/cli/CommandLine.java,class,0,9,1,0,5,13,7,5,0,2,0,0,0,47,ivy,32,86,145.63633636086306,430.0,2.689655172413793,1156.5517241379312,64.2528735632184,0.14333333333333334,0.0,1.0,4.0,0.2,0.8,1.0,ivy,0,0,1,0,0,0,0,0,1,org.apache.ivy.util.cli.CommandLine,0,0,0,0,0,0,0,0,0,0,0,2,0,0,0,2,0,0,0,0,0,1,3,1,2,0,6,5,0,0,0,0,0,0,3,0,0,0,0,0,2,0,0,0.7507936507936508,0.4174603174603175
ivy,org.apache.ivy.util.url.URLHandlerDispatcher,1.0,/Users/grano/PycharmProjects/jsep/projects/ivy/sources/org/apache/ivy/util/url/URLHandlerDispatcher.java,class,4,19,1,0,20,120,17,17,0,2,0,0,0,88,ivy,55,212,305.57978409184966,1225.648259267228,3.867924528301887,4740.714965090221,263.3730536161234,0.40854941975574266,0.18,7.0,14.0,0.16,0.67,1.0,ivy,0,0,2,0,0,0,0,0,2,org.apache.ivy.util.url.URLHandlerDispatcher,0,0,0,0,0,0,0,0,0,0,0,3,0,0,1,8,0,4,0,4,0,2,1,1,2,0,18,11,0,0,0,0,0,0,3,0,3,0,0,0,5,0,0,0.4370136943666356,0.5629863056333644
